time,text
839888,!CAL
839889,!CAL Calibration points:
839889,"!CAL 4.5, -28.7 1866, 4685"
839889,"!CAL 1.5, -49.2 1985, 7844"
839889,"!CAL 6.3, -12.8 1757, 1822"
839889,"!CAL -30.4, -25.1 -1945, 4699"
839889,"!CAL 41.3, -33.7 5976, 4692"
839889,"!CAL eye check box: (L,R,T,B)"
839889,"!CAL href cal range: (L,R,T,B)"
839889,"!CAL Cal coeff:(X=a+bx+cy+dxx+eyy,Y=f+gx+goaly+ixx+jyy)"
839889,"!CAL Prenormalize: offx, offy = 4.5446 -28.673"
839889,!CAL Gains: cx:109.657 lx:106.424 rx:113.098
839889,!CAL Gains: cy:206.300 ty:127.313 by:189.805
839889,"!CAL Resolution (upd) at screen center: X=2.4, Y=1.3"
839889,!CAL Gain Change Proportion: X: 0.063 Y: 0.491
839889,!CAL Gain Ratio (Gy/Gx) = 1.881
839889,"!CAL Cross-Gain Ratios: X=0.187, Y=0.121"
839889,"!CAL PCR gain ratio(x,y) = 2.500, 2.500"
839889,"!CAL CR gain match(x,y) = 1.000, 1.000"
839890,!CAL Slip rotation correction OFF
839892,!CAL CALIBRATION HV5 L LEFT GOOD
848817,"!CAL VALIDATION HV5 L LEFT GOOD ERROR 0.53 avg. 0.94 max OFFSET 0.48 deg. -13.7,40.7 pix."
848818,"VALIDATE L POINT 0 LEFT at 1920,1080 OFFSET 0.69 deg. -12.4,59.5 pix."
848818,"VALIDATE L POINT 1 LEFT at 1920,184 OFFSET 0.13 deg. 2.8,11.3 pix."
848818,"VALIDATE L POINT 2 LEFT at 1920,1975 OFFSET 0.09 deg. 2.7,-7.8 pix."
848818,"VALIDATE L POINT 3 LEFT at 230,1080 OFFSET 0.94 deg. -31.3,79.8 pix."
848818,"VALIDATE L POINT 4 LEFT at 3609,1080 OFFSET 0.32 deg. -33.6,13.8 pix."
884380,"!CAL VALIDATION HV5 L LEFT FAIR ERROR 0.77 avg. 1.51 max OFFSET 0.73 deg. -45.1,55.1 pix."
884380,"VALIDATE L POINT 0 LEFT at 1920,1080 OFFSET 0.47 deg. -19.3,39.2 pix."
884380,"VALIDATE L POINT 1 LEFT at 1920,184 OFFSET 0.32 deg. -21.2,23.4 pix."
884380,"VALIDATE L POINT 2 LEFT at 1920,1975 OFFSET 1.01 deg. -35.5,84.8 pix."
884381,"VALIDATE L POINT 3 LEFT at 230,1080 OFFSET 1.51 deg. -92.8,114.4 pix."
884381,"VALIDATE L POINT 4 LEFT at 3609,1080 OFFSET 0.71 deg. -86.5,2.4 pix."
887274,!CAL VALIDATION L ABORTED
897878,!CAL
897879,!CAL Calibration points:
897879,"!CAL 4.0, -28.5 1877, 4710"
897879,"!CAL 1.7, -49.2 1998, 7898"
897879,"!CAL 6.0, -12.0 1767, 1830"
897879,"!CAL -31.1, -23.5 -1947, 4709"
897879,"!CAL 39.4, -33.1 6004, 4714"
897879,"!CAL eye check box: (L,R,T,B)"
897879,"!CAL href cal range: (L,R,T,B)"
897879,"!CAL Cal coeff:(X=a+bx+cy+dxx+eyy,Y=f+gx+goaly+ixx+jyy)"
897879,"!CAL Prenormalize: offx, offy = 4.0189 -28.502"
897879,!CAL Gains: cx:111.625 lx:103.178 rx:120.313
897879,!CAL Gains: cy:193.791 ty:132.725 by:182.457
897879,"!CAL Resolution (upd) at screen center: X=2.4, Y=1.4"
897880,!CAL Gain Change Proportion: X: 0.166 Y: 0.375
897880,!CAL Gain Ratio (Gy/Gx) = 1.736
897880,"!CAL Cross-Gain Ratios: X=0.175, Y=0.137"
897880,"!CAL PCR gain ratio(x,y) = 2.500, 2.500"
897880,"!CAL CR gain match(x,y) = 1.000, 1.000"
897880,!CAL Slip rotation correction OFF
897882,!CAL CALIBRATION HV5 L LEFT GOOD
907197,"!CAL VALIDATION HV5 L LEFT GOOD ERROR 0.57 avg. 0.80 max OFFSET 0.37 deg. 9.8,-31.9 pix."
907198,"VALIDATE L POINT 0 LEFT at 1920,1080 OFFSET 0.80 deg. 1.4,-69.5 pix."
907198,"VALIDATE L POINT 1 LEFT at 1920,184 OFFSET 0.26 deg. 15.8,-19.7 pix."
907198,"VALIDATE L POINT 2 LEFT at 1920,1975 OFFSET 0.45 deg. 17.1,37.3 pix."
907198,"VALIDATE L POINT 3 LEFT at 230,1080 OFFSET 0.33 deg. 26.6,21.7 pix."
907198,"VALIDATE L POINT 4 LEFT at 3609,1080 OFFSET 0.12 deg. 12.8,5.5 pix."
912138,"DRIFTCORRECT L LEFT at 1920,1080 OFFSET 0.91 deg. -1.7,-78.2 pix."
912706,RECCFG CR 500 2 1 L
912706,ELCLCFG RTABLER
912706,GAZE_COORDS 0.00 0.00 3839.00 2159.00
912706,THRESHOLDS L 43 168
912706,ELCL_PROC ELLIPSE (5)
912706,ELCL_EFIT_PARAMS 1.01 4.00 0.15 0.05 0.65 0.65 0.00 0.00 0.30
912707,!MODE RECORD CR 500 2 1 L
971194,TRIALID 1
971208,FIX_START
972705,FIX_END
972721,STIM_START
972971,STIM_END
973471,RESP_START
983407,RESP_END
983407,TRIAL_END 1
983407,TRIALID 2
983410,FIX_START
984916,FIX FAILED
985406,FIX_SUCCEED
985407,FIX_END
985423,STIM_START
985673,STIM_END
986173,RESP_START
991408,RESP_END
991408,TRIAL_END 2
991408,TRIALID 3
991411,FIX_START
992907,FIX_END
992924,STIM_START
993190,STIM_END
993691,RESP_START
997709,RESP_END
997709,TRIAL_END 3
997709,TRIALID 4
997711,FIX_START
999208,FIX_END
999225,STIM_START
999492,STIM_END
999992,RESP_START
1004559,RESP_END
1004559,TRIAL_END 4
1004559,TRIALID 5
1004569,FIX_START
1005559,FIX_END
1005576,STIM_START
1005826,STIM_END
1006326,RESP_START
1008911,RESP_END
1008911,TRIAL_END 5
1008911,TRIALID 6
1008913,FIX_START
1009909,FIX_END
1009926,STIM_START
1010176,STIM_END
1010676,RESP_START
1012993,RESP_END
1012993,TRIAL_END 6
1012993,TRIALID 7
1012995,FIX_START
1013993,FIX_END
1014010,STIM_START
1014260,STIM_END
1014759,RESP_START
1017660,RESP_END
1017660,TRIAL_END 7
1017660,TRIALID 8
1017662,FIX_START
1018160,FIX_END
1018177,STIM_START
1018444,STIM_END
1018944,RESP_START
1022078,RESP_END
1022078,TRIAL_END 8
1022078,TRIALID 9
1022080,FIX_START
1023077,FIX_END
1023094,STIM_START
1023344,STIM_END
1023844,RESP_START
1026261,RESP_END
1026261,TRIAL_END 9
1026261,TRIALID 10
1026264,FIX_START
1027261,FIX_END
1027278,STIM_START
1027545,STIM_END
1028045,RESP_START
1030262,RESP_END
1030262,TRIAL_END 10
1030262,TRIALID 11
1030265,FIX_START
1030762,FIX_END
1030778,STIM_START
1031029,STIM_END
1031528,RESP_START
1034063,RESP_END
1034063,TRIAL_END 11
1034063,TRIALID 12
1034065,FIX_START
1035062,FIX_END
1035079,STIM_START
1035346,STIM_END
1035846,RESP_START
1038563,RESP_END
1038563,TRIAL_END 12
1038563,TRIALID 13
1038565,FIX_START
1039563,FIX_END
1039580,STIM_START
1039830,STIM_END
1040329,RESP_START
1042630,RESP_END
1042630,TRIAL_END 13
1042630,TRIALID 14
1042633,FIX_START
1044130,FIX_END
1044147,STIM_START
1044413,STIM_END
1044914,RESP_START
1046880,RESP_END
1046880,TRIAL_END 14
1046880,TRIALID 15
1046883,FIX_START
1047880,FIX_END
1047897,STIM_START
1048147,STIM_END
1048648,RESP_START
1051881,RESP_END
1051881,TRIAL_END 15
1051881,TRIALID 16
1051884,FIX_START
1052881,FIX_END
1052898,STIM_START
1053164,STIM_END
1053665,RESP_START
1056032,RESP_END
1056032,TRIAL_END 16
1056032,TRIALID 17
1056034,FIX_START
1057032,FIX_END
1057048,STIM_START
1057299,STIM_END
1057799,RESP_START
1060616,RESP_END
1060616,TRIAL_END 17
1060616,TRIALID 18
1060619,FIX_START
1061116,FIX_END
1061133,STIM_START
1061383,STIM_END
1061882,RESP_START
1064599,RESP_END
1064599,TRIAL_END 18
1064599,TRIALID 19
1064602,FIX_START
1065600,FIX_END
1065616,STIM_START
1065883,STIM_END
1066383,RESP_START
1068733,RESP_END
1068733,TRIAL_END 19
1068733,TRIALID 20
1088203,FIX_START
1089703,FIX FAILED
1090203,FIX_SUCCEED
1090203,FIX_END
1090219,STIM_START
1090486,STIM_END
1090986,RESP_START
1094653,RESP_END
1094653,TRIAL_END 20
1094653,TRIALID 21
1094656,FIX_START
1095153,FIX_END
1095170,STIM_START
1095420,STIM_END
1095920,RESP_START
1098503,RESP_END
1098503,TRIAL_END 21
1098503,TRIALID 22
1098506,FIX_START
1099004,FIX_END
1099021,STIM_START
1099270,STIM_END
1099771,RESP_START
1103421,RESP_END
1103421,TRIAL_END 22
1103421,TRIALID 23
1103424,FIX_START
1103921,FIX_END
1103938,STIM_START
1104205,STIM_END
1104704,RESP_START
1107004,RESP_END
1107004,TRIAL_END 23
1107004,TRIALID 24
1107006,FIX_START
1108005,FIX_END
1108022,STIM_START
1108288,STIM_END
1108788,RESP_START
1110839,RESP_END
1110839,TRIAL_END 24
1110839,TRIALID 25
1110841,FIX_START
1111339,FIX_END
1111355,STIM_START
1111622,STIM_END
1112122,RESP_START
1114139,RESP_END
1114139,TRIAL_END 25
1114139,TRIALID 26
1114143,FIX_START
1115139,FIX_END
1115156,STIM_START
1115406,STIM_END
1115906,RESP_START
1118190,RESP_END
1118190,TRIAL_END 26
1118190,TRIALID 27
1118194,FIX_START
1119690,FIX_END
1119706,STIM_START
1119973,STIM_END
1120473,RESP_START
1122623,RESP_END
1122623,TRIAL_END 27
1122623,TRIALID 28
1122625,FIX_START
1123623,FIX_END
1123640,STIM_START
1123891,STIM_END
1124390,RESP_START
1126974,RESP_END
1126974,TRIAL_END 28
1126974,TRIALID 29
1126977,FIX_START
1128474,FIX_END
1128491,STIM_START
1128757,STIM_END
1129258,RESP_START
1131891,RESP_END
1131891,TRIAL_END 29
1131891,TRIALID 30
1131894,FIX_START
1132891,FIX_END
1132908,STIM_START
1133175,STIM_END
1133675,RESP_START
1135925,RESP_END
1135925,TRIAL_END 30
1135925,TRIALID 31
1135928,FIX_START
1136425,FIX_END
1136442,STIM_START
1136692,STIM_END
1137192,RESP_START
1139258,RESP_END
1139258,TRIAL_END 31
1139258,TRIALID 32
1139261,FIX_START
1140759,FIX_END
1140776,STIM_START
1141026,STIM_END
1141526,RESP_START
1143909,RESP_END
1143909,TRIAL_END 32
1143909,TRIALID 33
1143911,FIX_START
1145410,FIX_END
1145426,STIM_START
1145693,STIM_END
1146193,RESP_START
1148460,RESP_END
1148460,TRIAL_END 33
1148460,TRIALID 34
1148462,FIX_START
1149460,FIX_END
1149477,STIM_START
1149743,STIM_END
1150243,RESP_START
1152777,RESP_END
1152777,TRIAL_END 34
1152777,TRIALID 35
1152779,FIX_START
1154277,FIX_END
1154294,STIM_START
1154544,STIM_END
1155044,RESP_START
1157894,RESP_END
1157894,TRIAL_END 35
1157894,TRIALID 36
1157897,FIX_START
1158395,FIX_END
1158412,STIM_START
1158661,STIM_END
1159161,RESP_START
1161995,RESP_END
1161995,TRIAL_END 36
1161995,TRIALID 37
1161998,FIX_START
1162495,FIX_END
1162512,STIM_START
1162762,STIM_END
1163262,RESP_START
1165412,RESP_END
1165412,TRIAL_END 37
1165412,TRIALID 38
1165414,FIX_START
1166412,FIX_END
1166429,STIM_START
1166679,STIM_END
1167179,RESP_START
1169529,RESP_END
1169529,TRIAL_END 38
1169529,TRIALID 39
1169531,FIX_START
1170529,FIX_END
1170546,STIM_START
1170796,STIM_END
1171296,RESP_START
1174013,RESP_END
1174013,TRIAL_END 39
1174013,TRIALID 40
1177903,FIX_START
1179398,FIX FAILED
1179897,FIX_SUCCEED
1179897,FIX_END
1179914,STIM_START
1180180,STIM_END
1180681,RESP_START
1185782,RESP_END
1185782,TRIAL_END 40
1185782,TRIALID 41
1185784,FIX_START
1186282,FIX_END
1186298,STIM_START
1186565,STIM_END
1187065,RESP_START
1189165,RESP_END
1189165,TRIAL_END 41
1189165,TRIALID 42
1189167,FIX_START
1190665,FIX_END
1190682,STIM_START
1190932,STIM_END
1191432,RESP_START
1193816,RESP_END
1193816,TRIAL_END 42
1193816,TRIALID 43
1193819,FIX_START
1194816,FIX_END
1194832,STIM_START
1195099,STIM_END
1195599,RESP_START
1197216,RESP_END
1197216,TRIAL_END 43
1197216,TRIALID 44
1197218,FIX_START
1197716,FIX_END
1197733,STIM_START
1197999,STIM_END
1198500,RESP_START
1202050,RESP_END
1202050,TRIAL_END 44
1202050,TRIALID 45
1202052,FIX_START
1203550,FIX_END
1203567,STIM_START
1203834,STIM_END
1204334,RESP_START
1209535,RESP_END
1209535,TRIAL_END 45
1209535,TRIALID 46
1209537,FIX_START
1210035,FIX_END
1210051,STIM_START
1210318,STIM_END
1210818,RESP_START
1214401,RESP_END
1214401,TRIAL_END 46
1214401,TRIALID 47
1214404,FIX_START
1215402,FIX_END
1215418,STIM_START
1215668,STIM_END
1216168,RESP_START
1219169,RESP_END
1219169,TRIAL_END 47
1219169,TRIALID 48
1219171,FIX_START
1220169,FIX_END
1220186,STIM_START
1220452,STIM_END
1220952,RESP_START
1225436,RESP_END
1225436,TRIAL_END 48
1225436,TRIALID 49
1225439,FIX_START
1225936,FIX_END
1225953,STIM_START
1226220,STIM_END
1226720,RESP_START
1230887,RESP_END
1230887,TRIAL_END 49
1230887,TRIALID 50
1230889,FIX_START
1232387,FIX FAILED
1232887,FIX_SUCCEED
1232887,FIX_END
1232904,STIM_START
1233154,STIM_END
1233654,RESP_START
1237155,RESP_END
1237155,TRIAL_END 50
1237155,TRIALID 51
1237158,FIX_START
1237655,FIX_END
1237671,STIM_START
1237938,STIM_END
1238438,RESP_START
1241238,RESP_END
1241238,TRIAL_END 51
1241238,TRIALID 52
1241240,FIX_START
1241738,FIX_END
1241755,STIM_START
1242021,STIM_END
1242522,RESP_START
1245122,RESP_END
1245122,TRIAL_END 52
1245122,TRIALID 53
1245125,FIX_START
1246122,FIX_END
1246139,STIM_START
1246388,STIM_END
1246889,RESP_START
1250323,RESP_END
1250323,TRIAL_END 53
1250323,TRIALID 54
1250326,FIX_START
1251323,FIX_END
1251339,STIM_START
1251606,STIM_END
1252106,RESP_START
1254973,RESP_END
1254973,TRIAL_END 54
1254973,TRIALID 55
1254975,FIX_START
1255473,FIX_END
1255490,STIM_START
1255756,STIM_END
1256257,RESP_START
1260291,RESP_END
1260291,TRIAL_END 55
1260291,TRIALID 56
1260294,FIX_START
1261291,FIX_END
1261307,STIM_START
1261557,STIM_END
1262057,RESP_START
1264791,RESP_END
1264791,TRIAL_END 56
1264791,TRIALID 57
1264794,FIX_START
1265791,FIX_END
1265808,STIM_START
1266075,STIM_END
1266575,RESP_START
1269042,RESP_END
1269042,TRIAL_END 57
1269042,TRIALID 58
1269045,FIX_START
1270042,FIX_END
1270059,STIM_START
1270325,STIM_END
1270825,RESP_START
1273942,RESP_END
1273943,TRIAL_END 58
1273943,TRIALID 59
1273946,FIX_START
1274942,FIX_END
1274959,STIM_START
1275226,STIM_END
1275726,RESP_START
1280293,RESP_END
1280293,TRIAL_END 59
1280293,TRIALID 60
1283782,FIX_START
1284777,FIX_END
1284794,STIM_START
1285060,STIM_END
1285560,RESP_START
1288010,RESP_END
1288010,TRIAL_END 60
1288010,TRIALID 61
1288013,FIX_START
1289511,FIX_END
1289528,STIM_START
1289794,STIM_END
1290294,RESP_START
1293295,RESP_END
1293295,TRIAL_END 61
1293295,TRIALID 62
1293297,FIX_START
1294796,FIX FAILED
1295795,FIX_SUCCEED
1295796,FIX_END
1295812,STIM_START
1296078,STIM_END
1296578,RESP_START
1299696,RESP_END
1299696,TRIAL_END 62
1299696,TRIALID 63
1299698,FIX_START
1300196,FIX_END
1300212,STIM_START
1300462,STIM_END
1300962,RESP_START
1303529,RESP_END
1303529,TRIAL_END 63
1303529,TRIALID 64
1303533,FIX_START
1304529,FIX_END
1304546,STIM_START
1304796,STIM_END
1305296,RESP_START
1307746,RESP_END
1307746,TRIAL_END 64
1307746,TRIALID 65
1307749,FIX_START
1308746,FIX_END
1308763,STIM_START
1309013,STIM_END
1309513,RESP_START
1313180,RESP_END
1313180,TRIAL_END 65
1313180,TRIALID 66
1313182,FIX_START
1313680,FIX_END
1313697,STIM_START
1313947,STIM_END
1314447,RESP_START
1317148,RESP_END
1317148,TRIAL_END 66
1317148,TRIALID 67
1317152,FIX_START
1317647,FIX_END
1317665,STIM_START
1317914,STIM_END
1318414,RESP_START
1320748,RESP_END
1320748,TRIAL_END 67
1320748,TRIALID 68
1320751,FIX_START
1321248,FIX_END
1321265,STIM_START
1321531,STIM_END
1322031,RESP_START
1324632,RESP_END
1324632,TRIAL_END 68
1324632,TRIALID 69
1324635,FIX_START
1326132,FIX FAILED
1326632,FIX_SUCCEED
1326632,FIX_END
1326649,STIM_START
1326899,STIM_END
1327399,RESP_START
1330166,RESP_END
1330166,TRIAL_END 69
1330166,TRIALID 70
1330169,FIX_START
1330666,FIX_END
1330683,STIM_START
1330949,STIM_END
1331450,RESP_START
1335683,RESP_END
1335683,TRIAL_END 70
1335683,TRIALID 71
1335686,FIX_START
1336183,FIX_END
1336200,STIM_START
1336467,STIM_END
1336967,RESP_START
1339383,RESP_END
1339383,TRIAL_END 71
1339383,TRIALID 72
1339386,FIX_START
1340884,FIX_END
1340900,STIM_START
1341151,STIM_END
1341651,RESP_START
1343701,RESP_END
1343701,TRIAL_END 72
1343701,TRIALID 73
1343704,FIX_START
1344701,FIX_END
1344718,STIM_START
1344985,STIM_END
1345485,RESP_START
1348318,RESP_END
1348318,TRIAL_END 73
1348318,TRIALID 74
1348320,FIX_START
1349818,FIX_END
1349835,STIM_START
1350085,STIM_END
1350585,RESP_START
1354085,RESP_END
1354085,TRIAL_END 74
1354085,TRIALID 75
1354087,FIX_START
1354586,FIX_END
1354602,STIM_START
1354852,STIM_END
1355352,RESP_START
1358019,RESP_END
1358019,TRIAL_END 75
1358019,TRIALID 76
1358021,FIX_START
1358519,FIX_END
1358536,STIM_START
1358786,STIM_END
1359286,RESP_START
1361953,RESP_END
1361953,TRIAL_END 76
1361953,TRIALID 77
1361955,FIX_START
1362953,FIX_END
1362970,STIM_START
1363237,STIM_END
1363737,RESP_START
1365704,RESP_END
1365704,TRIAL_END 77
1365704,TRIALID 78
1365706,FIX_START
1366704,FIX_END
1366720,STIM_START
1366987,STIM_END
1367487,RESP_START
1370221,RESP_END
1370221,TRIAL_END 78
1370221,TRIALID 79
1370224,FIX_START
1371221,FIX_END
1371238,STIM_START
1371504,STIM_END
1372004,RESP_START
1373954,RESP_END
1373954,TRIAL_END 79
1373954,TRIALID 80
1376493,FIX_START
1377489,FIX_END
1377505,STIM_START
1377772,STIM_END
1378272,RESP_START
1380506,RESP_END
1380506,TRIAL_END 80
1380506,TRIALID 81
1380508,FIX_START
1381006,FIX_END
1381022,STIM_START
1381289,STIM_END
1381788,RESP_START
1383656,RESP_END
1383656,TRIAL_END 81
1383656,TRIALID 82
1383659,FIX_START
1384156,FIX_END
1384173,STIM_START
1384422,STIM_END
1384923,RESP_START
1386923,RESP_END
1386923,TRIAL_END 82
1386923,TRIALID 83
1386926,FIX_START
1387923,FIX_END
1387940,STIM_START
1388190,STIM_END
1388690,RESP_START
1390406,RESP_END
1390406,TRIAL_END 83
1390406,TRIALID 84
1390409,FIX_START
1391907,FIX_END
1391923,STIM_START
1392190,STIM_END
1392690,RESP_START
1396257,RESP_END
1396257,TRIAL_END 84
1396257,TRIALID 85
1396259,FIX_START
1397758,FIX_END
1397775,STIM_START
1398024,STIM_END
1398524,RESP_START
1400992,RESP_END
1400992,TRIAL_END 85
1400992,TRIALID 86
1400995,FIX_START
1402492,FIX_END
1402508,STIM_START
1402775,STIM_END
1403275,RESP_START
1405408,RESP_END
1405408,TRIAL_END 86
1405408,TRIALID 87
1405411,FIX_START
1405909,FIX_END
1405925,STIM_START
1406175,STIM_END
1406676,RESP_START
1409409,RESP_END
1409409,TRIAL_END 87
1409409,TRIALID 88
1409412,FIX_START
1410909,FIX_END
1410926,STIM_START
1411176,STIM_END
1411676,RESP_START
1415443,RESP_END
1415443,TRIAL_END 88
1415443,TRIALID 89
1415447,FIX_START
1416943,FIX FAILED
1419944,FIX_SUCCEED
1419944,FIX_END
1419960,STIM_START
1420227,STIM_END
1420727,RESP_START
1423761,RESP_END
1423761,TRIAL_END 89
1423761,TRIALID 90
1423764,FIX_START
1424761,FIX_END
1424777,STIM_START
1425044,STIM_END
1425544,RESP_START
1428311,RESP_END
1428311,TRIAL_END 90
1428311,TRIALID 91
1428314,FIX_START
1429811,FIX FAILED
1439813,FIX_SUCCEED
1439813,FIX_END
1439829,STIM_START
1440079,STIM_END
1440580,RESP_START
1443213,RESP_END
1443213,TRIAL_END 91
1443213,TRIALID 92
1443215,FIX_START
1444713,FIX_END
1444730,STIM_START
1444997,STIM_END
1445497,RESP_START
1447964,RESP_END
1447964,TRIAL_END 92
1447964,TRIALID 93
1447966,FIX_START
1449464,FIX FAILED
1449964,FIX_SUCCEED
1449964,FIX_END
1449981,STIM_START
1450247,STIM_END
1450748,RESP_START
1453948,RESP_END
1453948,TRIAL_END 93
1453948,TRIALID 94
1453951,FIX_START
1455448,FIX FAILED
1455948,FIX_SUCCEED
1455948,FIX_END
1455965,STIM_START
1456232,STIM_END
1456731,RESP_START
1459382,RESP_END
1459382,TRIAL_END 94
1459382,TRIALID 95
1459385,FIX_START
1460382,FIX_END
1460399,STIM_START
1460665,STIM_END
1461165,RESP_START
1465333,RESP_END
1465333,TRIAL_END 95
1465333,TRIALID 96
1465335,FIX_START
1466333,FIX_END
1466349,STIM_START
1466600,STIM_END
1467100,RESP_START
1469933,RESP_END
1469933,TRIAL_END 96
1469933,TRIALID 97
1469936,FIX_START
1471433,FIX_END
1471450,STIM_START
1471700,STIM_END
1472200,RESP_START
1474684,RESP_END
1474684,TRIAL_END 97
1474684,TRIALID 98
1474686,FIX_START
1475684,FIX_END
1475700,STIM_START
1475967,STIM_END
1476467,RESP_START
1478685,RESP_END
1478685,TRIAL_END 98
1478685,TRIALID 99
1478687,FIX_START
1480185,FIX_END
1480201,STIM_START
1480451,STIM_END
1480951,RESP_START
1482752,RESP_END
1482752,TRIAL_END 99
1482752,TRIALID 100
1486020,FIX_START
1487019,FIX_END
1487035,STIM_START
1487285,STIM_END
1487786,RESP_START
1489953,RESP_END
1489953,TRIAL_END 100
1489953,TRIALID 101
1489956,FIX_START
1491453,FIX_END
1491469,STIM_START
1491736,STIM_END
1492236,RESP_START
1494220,RESP_END
1494220,TRIAL_END 101
1494220,TRIALID 102
1494222,FIX_START
1495720,FIX FAILED
1496220,FIX_SUCCEED
1496220,FIX_END
1496237,STIM_START
1496503,STIM_END
1497003,RESP_START
1498904,RESP_END
1498904,TRIAL_END 102
1498904,TRIALID 103
1498908,FIX_START
1499903,FIX_END
1499920,STIM_START
1500187,STIM_END
1500687,RESP_START
1503054,RESP_END
1503054,TRIAL_END 103
1503054,TRIALID 104
1503056,FIX_START
1504054,FIX_END
1504071,STIM_START
1504338,STIM_END
1504837,RESP_START
1506588,RESP_END
1506588,TRIAL_END 104
1506588,TRIALID 105
1506590,FIX_START
1508088,FIX_END
1508105,STIM_START
1508355,STIM_END
1508854,RESP_START
1511288,RESP_END
1511288,TRIAL_END 105
1511288,TRIALID 106
1511292,FIX_START
1512788,FIX_END
1512805,STIM_START
1513072,STIM_END
1513572,RESP_START
1515739,RESP_END
1515739,TRIAL_END 106
1515739,TRIALID 107
1515741,FIX_START
1517239,FIX_END
1517256,STIM_START
1517522,STIM_END
1518023,RESP_START
1520457,RESP_END
1520457,TRIAL_END 107
1520457,TRIALID 108
1520459,FIX_START
1521956,FIX_END
1521973,STIM_START
1522223,STIM_END
1522723,RESP_START
1524707,RESP_END
1524707,TRIAL_END 108
1524707,TRIALID 109
1524709,FIX_START
1526207,FIX_END
1526224,STIM_START
1526490,STIM_END
1526990,RESP_START
1529090,RESP_END
1529090,TRIAL_END 109
1529090,TRIALID 110
1529093,FIX_START
1530091,FIX_END
1530107,STIM_START
1530374,STIM_END
1530874,RESP_START
1532874,RESP_END
1532874,TRIAL_END 110
1532874,TRIALID 111
1532876,FIX_START
1534374,FIX_END
1534391,STIM_START
1534641,STIM_END
1535141,RESP_START
1536924,RESP_END
1536924,TRIAL_END 111
1536924,TRIALID 112
1536926,FIX_START
1538425,FIX FAILED
1538925,FIX_SUCCEED
1538925,FIX_END
1538942,STIM_START
1539209,STIM_END
1539709,RESP_START
1543576,RESP_END
1543576,TRIAL_END 112
1543576,TRIALID 113
1543578,FIX_START
1544076,FIX_END
1544092,STIM_START
1544342,STIM_END
1544843,RESP_START
1546877,RESP_END
1546877,TRIAL_END 113
1546877,TRIALID 114
1546880,FIX_START
1548376,FIX_END
1548393,STIM_START
1548643,STIM_END
1549143,RESP_START
1552044,RESP_END
1552044,TRIAL_END 114
1552044,TRIALID 115
1552046,FIX_START
1553544,FIX_END
1553561,STIM_START
1553827,STIM_END
1554327,RESP_START
1557427,RESP_END
1557427,TRIAL_END 115
1557427,TRIALID 116
1557430,FIX_START
1558928,FIX_END
1558944,STIM_START
1559194,STIM_END
1559695,RESP_START
1562928,RESP_END
1562928,TRIAL_END 116
1562928,TRIALID 117
1562931,FIX_START
1564428,FIX FAILED
1564929,FIX_SUCCEED
1564929,FIX_END
1564945,STIM_START
1565212,STIM_END
1565712,RESP_START
1568362,RESP_END
1568362,TRIAL_END 117
1568362,TRIALID 118
1568365,FIX_START
1569862,FIX_END
1569879,STIM_START
1570146,STIM_END
1570646,RESP_START
1573396,RESP_END
1573396,TRIAL_END 118
1573396,TRIALID 119
1573398,FIX_START
1574896,FIX_END
1574913,STIM_START
1575163,STIM_END
1575663,RESP_START
1579230,RESP_END
1579230,TRIAL_END 119
1579230,TRIALID 120
1604458,FIX_START
1605967,FIX FAILED
1606467,FIX_SUCCEED
1606467,FIX_END
1606484,STIM_START
1606750,STIM_END
1607250,RESP_START
1611151,RESP_END
1611151,TRIAL_END 120
1611151,TRIALID 121
1611155,FIX_START
1612651,FIX_END
1612668,STIM_START
1612918,STIM_END
1613418,RESP_START
1615201,RESP_END
1615201,TRIAL_END 121
1615201,TRIALID 122
1615203,FIX_START
1616701,FIX FAILED
1617202,FIX_SUCCEED
1617202,FIX_END
1617218,STIM_START
1617469,STIM_END
1617968,RESP_START
1619585,RESP_END
1619585,TRIAL_END 122
1619585,TRIALID 123
1619588,FIX_START
1620085,FIX_END
1620102,STIM_START
1620368,STIM_END
1620869,RESP_START
1622969,RESP_END
1622969,TRIAL_END 123
1622969,TRIALID 124
1622972,FIX_START
1624469,FIX_END
1624486,STIM_START
1624753,STIM_END
1625253,RESP_START
1627520,RESP_END
1627520,TRIAL_END 124
1627520,TRIALID 125
1627523,FIX_START
1628519,FIX_END
1628536,STIM_START
1628803,STIM_END
1629303,RESP_START
1631803,RESP_END
1631803,TRIAL_END 125
1631803,TRIALID 126
1631806,FIX_START
1633304,FIX_END
1633320,STIM_START
1633570,STIM_END
1634070,RESP_START
1636437,RESP_END
1636437,TRIAL_END 126
1636437,TRIALID 127
1636439,FIX_START
1637937,FIX_END
1637954,STIM_START
1638221,STIM_END
1638721,RESP_START
1640488,RESP_END
1640488,TRIAL_END 127
1640488,TRIALID 128
1640491,FIX_START
1641488,FIX_END
1641504,STIM_START
1641755,STIM_END
1642255,RESP_START
1646038,RESP_END
1646038,TRIAL_END 128
1646038,TRIALID 129
1646041,FIX_START
1647539,FIX_END
1647555,STIM_START
1647805,STIM_END
1648305,RESP_START
1650539,RESP_END
1650539,TRIAL_END 129
1650539,TRIALID 130
1650542,FIX_START
1652039,FIX_END
1652056,STIM_START
1652322,STIM_END
1652822,RESP_START
1654723,RESP_END
1654723,TRIAL_END 130
1654723,TRIALID 131
1654725,FIX_START
1656223,FIX FAILED
1656723,FIX_SUCCEED
1656723,FIX_END
1656740,STIM_START
1657006,STIM_END
1657507,RESP_START
1659473,RESP_END
1659473,TRIAL_END 131
1659473,TRIALID 132
1659476,FIX_START
1660974,FIX_END
1660990,STIM_START
1661257,STIM_END
1661757,RESP_START
1663891,RESP_END
1663891,TRIAL_END 132
1663891,TRIALID 133
1663893,FIX_START
1664891,FIX_END
1664907,STIM_START
1665174,STIM_END
1665674,RESP_START
1667691,RESP_END
1667691,TRIAL_END 133
1667691,TRIALID 134
1667694,FIX_START
1669191,FIX_END
1669208,STIM_START
1669458,STIM_END
1669958,RESP_START
1671642,RESP_END
1671642,TRIAL_END 134
1671642,TRIALID 135
1671644,FIX_START
1673142,FIX_END
1673158,STIM_START
1673409,STIM_END
1673909,RESP_START
1675926,RESP_END
1675926,TRIAL_END 135
1675926,TRIALID 136
1675930,FIX_START
1677426,FIX_END
1677442,STIM_START
1677709,STIM_END
1678209,RESP_START
1680343,RESP_END
1680343,TRIAL_END 136
1680343,TRIALID 137
1680345,FIX_START
1681343,FIX_END
1681359,STIM_START
1681610,STIM_END
1682110,RESP_START
1684593,RESP_END
1684593,TRIAL_END 137
1684593,TRIALID 138
1684595,FIX_START
1685093,FIX_END
1685110,STIM_START
1685377,STIM_END
1685877,RESP_START
1688027,RESP_END
1688027,TRIAL_END 138
1688027,TRIALID 139
1688029,FIX_START
1689027,FIX_END
1689044,STIM_START
1689310,STIM_END
1689811,RESP_START
1692211,RESP_END
1692211,TRIAL_END 139
1692211,TRIALID 140
1693664,FIX_START
1695161,FIX FAILED
1695662,FIX_SUCCEED
1695662,FIX_END
1695678,STIM_START
1695928,STIM_END
1696429,RESP_START
1698244,RESP_END
1698245,TRIAL_END 140
1698245,TRIALID 141
1698247,FIX_START
1699745,FIX_END
1699762,STIM_START
1700012,STIM_END
1700512,RESP_START
1702545,RESP_END
1702545,TRIAL_END 141
1702545,TRIALID 142
1702548,FIX_START
1704046,FIX FAILED
1708546,FIX_SUCCEED
1708546,FIX_END
1708563,STIM_START
1708830,STIM_END
1709330,RESP_START
1711630,RESP_END
1711630,TRIAL_END 142
1711630,TRIALID 143
1711633,FIX_START
1713130,FIX FAILED
1714630,FIX_SUCCEED
1714630,FIX_END
1714647,STIM_START
1714913,STIM_END
1715414,RESP_START
1717264,RESP_END
1717264,TRIAL_END 143
1717264,TRIALID 144
1717266,FIX_START
1718764,FIX_END
1718781,STIM_START
1719031,STIM_END
1719531,RESP_START
1721881,RESP_END
1721881,TRIAL_END 144
1721881,TRIALID 145
1721883,FIX_START
1722881,FIX_END
1722898,STIM_START
1723148,STIM_END
1723648,RESP_START
1725832,RESP_END
1725832,TRIAL_END 145
1725832,TRIALID 146
1725836,FIX_START
1727332,FIX_END
1727349,STIM_START
1727615,STIM_END
1728115,RESP_START
1730732,RESP_END
1730732,TRIAL_END 146
1730732,TRIALID 147
1730734,FIX_START
1732233,FIX FAILED
1732733,FIX_SUCCEED
1732733,FIX_END
1732749,STIM_START
1733016,STIM_END
1733516,RESP_START
1735283,RESP_END
1735283,TRIAL_END 147
1735283,TRIALID 148
1735285,FIX_START
1736283,FIX_END
1736300,STIM_START
1736566,STIM_END
1737067,RESP_START
1738750,RESP_END
1738750,TRIAL_END 148
1738750,TRIALID 149
1738753,FIX_START
1739750,FIX_END
1739767,STIM_START
1740017,STIM_END
1740517,RESP_START
1743434,RESP_END
1743434,TRIAL_END 149
1743434,TRIALID 150
1743437,FIX_START
1744933,FIX_END
1744951,STIM_START
1745201,STIM_END
1745701,RESP_START
1747685,RESP_END
1747685,TRIAL_END 150
1747685,TRIALID 151
1747687,FIX_START
1749185,FIX_END
1749201,STIM_START
1749468,STIM_END
1749968,RESP_START
1752235,RESP_END
1752235,TRIAL_END 151
1752235,TRIALID 152
1752237,FIX_START
1753735,FIX_END
1753752,STIM_START
1754019,STIM_END
1754519,RESP_START
1758069,RESP_END
1758069,TRIAL_END 152
1758069,TRIALID 153
1758071,FIX_START
1759569,FIX_END
1759586,STIM_START
1759836,STIM_END
1760336,RESP_START
1762837,RESP_END
1762837,TRIAL_END 153
1762837,TRIALID 154
1762840,FIX_START
1764337,FIX FAILED
1771337,FIX_SUCCEED
1771337,FIX_END
1771354,STIM_START
1771621,STIM_END
1772121,RESP_START
1773971,RESP_END
1773971,TRIAL_END 154
1773971,TRIALID 155
1773974,FIX_START
1775471,FIX_END
1775488,STIM_START
1775738,STIM_END
1776238,RESP_START
1780038,RESP_END
1780038,TRIAL_END 155
1780038,TRIALID 156
1780040,FIX_START
1781539,FIX FAILED
1788039,FIX_SUCCEED
1788039,FIX_END
1788056,STIM_START
1788323,STIM_END
1788823,RESP_START
1791190,RESP_END
1791190,TRIAL_END 156
1791190,TRIALID 157
1791193,FIX_START
1792690,FIX FAILED
1795690,FIX_SUCCEED
1795690,FIX_END
1795707,STIM_START
1795974,STIM_END
1796474,RESP_START
1799241,RESP_END
1799241,TRIAL_END 157
1799241,TRIALID 158
1799243,FIX_START
1800741,FIX FAILED
1806742,FIX_SUCCEED
1806742,FIX_END
1806759,STIM_START
1807025,STIM_END
1807525,RESP_START
1810009,RESP_END
1810009,TRIAL_END 158
1810009,TRIALID 159
1810013,FIX_START
1811509,FIX_END
1811526,STIM_START
1811793,STIM_END
1812292,RESP_START
1817743,RESP_END
1817743,TRIAL_END 159
1817743,TRIALID 160
1843386,FIX_START
1844880,FIX FAILED
1846380,FIX_SUCCEED
1846380,FIX_END
1846396,STIM_START
1846647,STIM_END
1847147,RESP_START
1853831,RESP_END
1853831,TRIAL_END 160
1853831,TRIALID 161
1853833,FIX_START
1854831,FIX_END
1854848,STIM_START
1855115,STIM_END
1855614,RESP_START
1857498,RESP_END
1857498,TRIAL_END 161
1857498,TRIALID 162
1857501,FIX_START
1858998,FIX_END
1859015,STIM_START
1859281,STIM_END
1859782,RESP_START
1862365,RESP_END
1862365,TRIAL_END 162
1862365,TRIALID 163
1862367,FIX_START
1862865,FIX_END
1862881,STIM_START
1863132,STIM_END
1863632,RESP_START
1866099,RESP_END
1866099,TRIAL_END 163
1866099,TRIALID 164
1866102,FIX_START
1867099,FIX_END
1867116,STIM_START
1867366,STIM_END
1867866,RESP_START
1872166,RESP_END
1872166,TRIAL_END 164
1872166,TRIALID 165
1872169,FIX_START
1873166,FIX_END
1873183,STIM_START
1873433,STIM_END
1873933,RESP_START
1876784,RESP_END
1876784,TRIAL_END 165
1876784,TRIALID 166
1876789,FIX_START
1877284,FIX_END
1877301,STIM_START
1877551,STIM_END
1878051,RESP_START
1880451,RESP_END
1880451,TRIAL_END 166
1880451,TRIALID 167
1880455,FIX_START
1881451,FIX_END
1881467,STIM_START
1881718,STIM_END
1882218,RESP_START
1884168,RESP_END
1884168,TRIAL_END 167
1884168,TRIALID 168
1884172,FIX_START
1885668,FIX FAILED
1893669,FIX_SUCCEED
1893669,FIX_END
1893686,STIM_START
1893936,STIM_END
1894436,RESP_START
1896869,RESP_END
1896869,TRIAL_END 168
1896869,TRIALID 169
1896872,FIX_START
1898370,FIX FAILED
1914872,FIX_SUCCEED
1914872,FIX_END
1914888,STIM_START
1915155,STIM_END
1915655,RESP_START
1917939,RESP_END
1917939,TRIAL_END 169
1917939,TRIALID 170
1917942,FIX_START
1919439,FIX_END
1919456,STIM_START
1919705,STIM_END
1920206,RESP_START
1925940,RESP_END
1925940,TRIAL_END 170
1925940,TRIALID 171
1925944,FIX_START
1927440,FIX FAILED
1961444,FIX_SUCCEED
1961444,FIX_END
1961461,STIM_START
1961711,STIM_END
1962211,RESP_START
1967662,RESP_END
1967662,TRIAL_END 171
1967662,TRIALID 172
1967665,FIX_START
1969162,FIX_END
1969178,STIM_START
1969429,STIM_END
1969929,RESP_START
1971879,RESP_END
1971879,TRIAL_END 172
1971879,TRIALID 173
1971881,FIX_START
1972879,FIX_END
1972896,STIM_START
1973146,STIM_END
1973646,RESP_START
1975530,RESP_END
1975530,TRIAL_END 173
1975530,TRIALID 174
1975532,FIX_START
1977030,FIX FAILED
1977530,FIX_SUCCEED
1977530,FIX_END
1977546,STIM_START
1977796,STIM_END
1978296,RESP_START
1980614,RESP_END
1980614,TRIAL_END 174
1980614,TRIALID 175
1980616,FIX_START
1982113,FIX FAILED
2023119,FIX_SUCCEED
2023119,FIX_END
2023135,STIM_START
2023402,STIM_END
2023902,RESP_START
2026069,RESP_END
2026069,TRIAL_END 175
2026069,TRIALID 176
2026073,FIX_START
2027569,FIX FAILED
2029569,FIX_SUCCEED
2029569,FIX_END
2029586,STIM_START
2029853,STIM_END
2030353,RESP_START
2036871,RESP_END
2036871,TRIAL_END 176
2036871,TRIALID 177
2036874,FIX_START
2038370,FIX_END
2038387,STIM_START
2038654,STIM_END
2039154,RESP_START
2041521,RESP_END
2041521,TRIAL_END 177
2041521,TRIALID 178
2041524,FIX_START
2042521,FIX_END
2042537,STIM_START
2042788,STIM_END
2043288,RESP_START
2045671,RESP_END
2045671,TRIAL_END 178
2045671,TRIALID 179
2045673,FIX_START
2046671,FIX_END
2046688,STIM_START
2046955,STIM_END
2047455,RESP_START
2049405,RESP_END
2049405,TRIAL_END 179
2049405,TRIALID 180
2050972,FIX_START
2052473,FIX_END
2052489,STIM_START
2052739,STIM_END
2053239,RESP_START
2055006,RESP_END
2055006,TRIAL_END 180
2055006,TRIALID 181
2055008,FIX_START
2056006,FIX_END
2056023,STIM_START
2056273,STIM_END
2056773,RESP_START
2058673,RESP_END
2058673,TRIAL_END 181
2058673,TRIALID 182
2058676,FIX_START
2059673,FIX_END
2059690,STIM_START
2059940,STIM_END
2060440,RESP_START
2062857,RESP_END
2062857,TRIAL_END 182
2062857,TRIALID 183
2062859,FIX_START
2064357,FIX FAILED
2083359,FIX_SUCCEED
2083359,FIX_END
2083376,STIM_START
2083626,STIM_END
2084126,RESP_START
2085693,RESP_END
2085693,TRIAL_END 183
2085693,TRIALID 184
2085697,FIX_START
2087193,FIX_END
2087210,STIM_START
2087460,STIM_END
2087960,RESP_START
2090227,RESP_END
2090227,TRIAL_END 184
2090227,TRIALID 185
2090229,FIX_START
2091227,FIX_END
2091244,STIM_START
2091494,STIM_END
2091994,RESP_START
2094194,RESP_END
2094194,TRIAL_END 185
2094194,TRIALID 186
2094197,FIX_START
2095194,FIX_END
2095211,STIM_START
2095461,STIM_END
2095961,RESP_START
2097678,RESP_END
2097678,TRIAL_END 186
2097678,TRIALID 187
2097680,FIX_START
2099178,FIX_END
2099195,STIM_START
2099445,STIM_END
2099945,RESP_START
2102745,RESP_END
2102745,TRIAL_END 187
2102745,TRIALID 188
2102747,FIX_START
2104245,FIX FAILED
2106746,FIX_SUCCEED
2106746,FIX_END
2106763,STIM_START
2107029,STIM_END
2107529,RESP_START
2109980,RESP_END
2109980,TRIAL_END 188
2109980,TRIALID 189
2109983,FIX_START
2111479,FIX FAILED
2115480,FIX_SUCCEED
2115480,FIX_END
2115497,STIM_START
2115747,STIM_END
2116247,RESP_START
2118347,RESP_END
2118347,TRIAL_END 189
2118347,TRIALID 190
2118350,FIX_START
2119347,FIX_END
2119364,STIM_START
2119630,STIM_END
2120131,RESP_START
2122681,RESP_END
2122681,TRIAL_END 190
2122681,TRIALID 191
2122684,FIX_START
2124181,FIX FAILED
2125681,FIX_SUCCEED
2125681,FIX_END
2125698,STIM_START
2125964,STIM_END
2126464,RESP_START
2128581,RESP_END
2128581,TRIAL_END 191
2128581,TRIALID 192
2128584,FIX_START
2130082,FIX FAILED
2131582,FIX_SUCCEED
2131582,FIX_END
2131599,STIM_START
2131849,STIM_END
2132349,RESP_START
2134082,RESP_END
2134082,TRIAL_END 192
2134082,TRIALID 193
2134085,FIX_START
2135582,FIX FAILED
2138083,FIX_SUCCEED
2138083,FIX_END
2138099,STIM_START
2138350,STIM_END
2138850,RESP_START
2141367,RESP_END
2141367,TRIAL_END 193
2141367,TRIALID 194
2141370,FIX_START
2142867,FIX FAILED
2195873,FIX_SUCCEED
2195873,FIX_END
2195890,STIM_START
2196157,STIM_END
2196657,RESP_START
2198807,RESP_END
2198807,TRIAL_END 194
2198807,TRIALID 195
2198809,FIX_START
2200307,FIX_END
2200324,STIM_START
2200574,STIM_END
2201074,RESP_START
2203358,RESP_END
2203358,TRIAL_END 195
2203358,TRIALID 196
2203360,FIX_START
2204358,FIX_END
2204374,STIM_START
2204624,STIM_END
2205124,RESP_START
2207091,RESP_END
2207091,TRIAL_END 196
2207091,TRIALID 197
2207094,FIX_START
2208592,FIX_END
2208608,STIM_START
2208858,STIM_END
2209359,RESP_START
2211192,RESP_END
2211192,TRIAL_END 197
2211192,TRIALID 198
2211195,FIX_START
2212692,FIX_END
2212709,STIM_START
2212975,STIM_END
2213475,RESP_START
2215393,RESP_END
2215393,TRIAL_END 198
2215393,TRIALID 199
2215395,FIX_START
2216893,FIX FAILED
2217393,FIX_SUCCEED
2217393,FIX_END
2217410,STIM_START
2217676,STIM_END
2218176,RESP_START
2219943,RESP_END
2219943,TRIAL_END 199
2219943,TRIALID 200
2242544,FIX_START
2243546,FIX_END
2243563,STIM_START
2243813,STIM_END
2244313,RESP_START
2248397,RESP_END
2248397,TRIAL_END 200
2248397,TRIALID 201
2248399,FIX_START
2249897,FIX_END
2249913,STIM_START
2250163,STIM_END
2250663,RESP_START
2258715,RESP_END
2258715,TRIAL_END 201
2258715,TRIALID 202
2258717,FIX_START
2260215,FIX_END
2260231,STIM_START
2260498,STIM_END
2260998,RESP_START
2264148,RESP_END
2264148,TRIAL_END 202
2264148,TRIALID 203
2264152,FIX_START
2264648,FIX_END
2264665,STIM_START
2264932,STIM_END
2265432,RESP_START
2267149,RESP_END
2267149,TRIAL_END 203
2267149,TRIALID 204
2267151,FIX_START
2267649,FIX_END
2267666,STIM_START
2267916,STIM_END
2268416,RESP_START
2269833,RESP_END
2269833,TRIAL_END 204
2269833,TRIALID 205
2269835,FIX_START
2270333,FIX_END
2270349,STIM_START
2270600,STIM_END
2271099,RESP_START
2272683,RESP_END
2272683,TRIAL_END 205
2272683,TRIALID 206
2272685,FIX_START
2273683,FIX_END
2273700,STIM_START
2273950,STIM_END
2274450,RESP_START
2276067,RESP_END
2276067,TRIAL_END 206
2276067,TRIALID 207
2276069,FIX_START
2277567,FIX_END
2277584,STIM_START
2277834,STIM_END
2278334,RESP_START
2280051,RESP_END
2280051,TRIAL_END 207
2280051,TRIALID 208
2280053,FIX_START
2281551,FIX_END
2281567,STIM_START
2281834,STIM_END
2282334,RESP_START
2284101,RESP_END
2284101,TRIAL_END 208
2284101,TRIALID 209
2284106,FIX_START
2285601,FIX FAILED
2288102,FIX_SUCCEED
2288102,FIX_END
2288118,STIM_START
2288368,STIM_END
2288868,RESP_START
2290601,RESP_END
2290601,TRIAL_END 209
2290601,TRIALID 210
2290604,FIX_START
2292102,FIX_END
2292119,STIM_START
2292385,STIM_END
2292886,RESP_START
2294652,RESP_END
2294652,TRIAL_END 210
2294652,TRIALID 211
2294655,FIX_START
2296152,FIX_END
2296169,STIM_START
2296419,STIM_END
2296919,RESP_START
2299470,RESP_END
2299470,TRIAL_END 211
2299470,TRIALID 212
2299472,FIX_START
2300470,FIX_END
2300486,STIM_START
2300753,STIM_END
2301253,RESP_START
2303121,RESP_END
2303121,TRIAL_END 212
2303121,TRIALID 213
2303123,FIX_START
2304620,FIX FAILED
2305120,FIX_SUCCEED
2305121,FIX_END
2305137,STIM_START
2305404,STIM_END
2305904,RESP_START
2308421,RESP_END
2308421,TRIAL_END 213
2308421,TRIALID 214
2308424,FIX_START
2309921,FIX FAILED
2330924,FIX_SUCCEED
2330924,FIX_END
2330940,STIM_START
2331190,STIM_END
2331691,RESP_START
2334407,RESP_END
2334407,TRIAL_END 214
2334407,TRIALID 215
2334411,FIX_START
2335907,FIX_END
2335924,STIM_START
2336191,STIM_END
2336691,RESP_START
2338441,RESP_END
2338441,TRIAL_END 215
2338441,TRIALID 216
2338444,FIX_START
2339441,FIX_END
2339458,STIM_START
2339725,STIM_END
2340225,RESP_START
2342008,RESP_END
2342009,TRIAL_END 216
2342009,TRIALID 217
2342011,FIX_START
2343008,FIX_END
2343025,STIM_START
2343292,STIM_END
2343792,RESP_START
2345542,RESP_END
2345542,TRIAL_END 217
2345542,TRIALID 218
2345545,FIX_START
2347042,FIX FAILED
2356043,FIX_SUCCEED
2356043,FIX_END
2356060,STIM_START
2356310,STIM_END
2356810,RESP_START
2359010,RESP_END
2359010,TRIAL_END 218
2359010,TRIALID 219
2359013,FIX_START
2360511,FIX FAILED
2362511,FIX_SUCCEED
2362511,FIX_END
2362527,STIM_START
2362778,STIM_END
2363278,RESP_START
2365228,RESP_END
2365228,TRIAL_END 219
2365228,TRIALID 220
2367114,FIX_START
2368112,FIX_END
2368129,STIM_START
2368378,STIM_END
2368878,RESP_START
2370895,RESP_END
2370895,TRIAL_END 220
2370895,TRIALID 221
2370898,FIX_START
2371395,FIX_END
2371411,STIM_START
2371662,STIM_END
2372162,RESP_START
2374429,RESP_END
2374429,TRIAL_END 221
2374429,TRIALID 222
2374434,FIX_START
2375929,FIX FAILED
2378929,FIX_SUCCEED
2378929,FIX_END
2378946,STIM_START
2379213,STIM_END
2379713,RESP_START
2382180,RESP_END
2382180,TRIAL_END 222
2382180,TRIALID 223
2382183,FIX_START
2383680,FIX FAILED
2389681,FIX_SUCCEED
2389681,FIX_END
2389697,STIM_START
2389964,STIM_END
2390465,RESP_START
2392131,RESP_END
2392131,TRIAL_END 223
2392131,TRIALID 224
2392134,FIX_START
2393131,FIX_END
2393147,STIM_START
2393398,STIM_END
2393898,RESP_START
2395532,RESP_END
2395532,TRIAL_END 224
2395532,TRIALID 225
2395535,FIX_START
2396531,FIX_END
2396548,STIM_START
2396815,STIM_END
2397315,RESP_START
2400182,RESP_END
2400182,TRIAL_END 225
2400182,TRIALID 226
2400185,FIX_START
2401682,FIX FAILED
2409683,FIX_SUCCEED
2409683,FIX_END
2409700,STIM_START
2409950,STIM_END
2410450,RESP_START
2412234,RESP_END
2412234,TRIAL_END 226
2412234,TRIALID 227
2412237,FIX_START
2413734,FIX_END
2413751,STIM_START
2414000,STIM_END
2414501,RESP_START
2416184,RESP_END
2416184,TRIAL_END 227
2416184,TRIALID 228
2416186,FIX_START
2417684,FIX_END
2417701,STIM_START
2417968,STIM_END
2418468,RESP_START
2420002,RESP_END
2420002,TRIAL_END 228
2420002,TRIALID 229
2420005,FIX_START
2421501,FIX_END
2421518,STIM_START
2421784,STIM_END
2422285,RESP_START
2423919,RESP_END
2423919,TRIAL_END 229
2423919,TRIALID 230
2423922,FIX_START
2425419,FIX FAILED
2426419,FIX_SUCCEED
2426419,FIX_END
2426436,STIM_START
2426703,STIM_END
2427202,RESP_START
2428452,RESP_END
2428452,TRIAL_END 230
2428452,TRIALID 231
2428454,FIX_START
2429952,FIX_END
2429969,STIM_START
2430219,STIM_END
2430719,RESP_START
2432502,RESP_END
2432502,TRIAL_END 231
2432502,TRIALID 232
2432505,FIX_START
2434003,FIX FAILED
2440504,FIX_SUCCEED
2440504,FIX_END
2440520,STIM_START
2440787,STIM_END
2441287,RESP_START
2443571,RESP_END
2443571,TRIAL_END 232
2443571,TRIALID 233
2443575,FIX_START
2445071,FIX_END
2445088,STIM_START
2445338,STIM_END
2445838,RESP_START
2447255,RESP_END
2447255,TRIAL_END 233
2447255,TRIALID 234
2447257,FIX_START
2447755,FIX_END
2447771,STIM_START
2448021,STIM_END
2448522,RESP_START
2450038,RESP_END
2450038,TRIAL_END 234
2450038,TRIALID 235
2450041,FIX_START
2451539,FIX FAILED
2454539,FIX_SUCCEED
2454539,FIX_END
2454556,STIM_START
2454806,STIM_END
2455306,RESP_START
2456806,RESP_END
2456806,TRIAL_END 235
2456806,TRIALID 236
2456808,FIX_START
2458306,FIX FAILED
2459307,FIX_SUCCEED
2459307,FIX_END
2459323,STIM_START
2459573,STIM_END
2460073,RESP_START
2461590,RESP_END
2461590,TRIAL_END 236
2461590,TRIALID 237
2461592,FIX_START
2462090,FIX_END
2462107,STIM_START
2462357,STIM_END
2462857,RESP_START
2464840,RESP_END
2464840,TRIAL_END 237
2464840,TRIALID 238
2464843,FIX_START
2466340,FIX_END
2466357,STIM_START
2466624,STIM_END
2467124,RESP_START
2468840,RESP_END
2468840,TRIAL_END 238
2468840,TRIALID 239
2468843,FIX_START
2470341,FIX FAILED
2472341,FIX_SUCCEED
2472341,FIX_END
2472358,STIM_START
2472625,STIM_END
2473124,RESP_START
2475191,RESP_END
2475191,TRIAL_END 239
2475191,TRIALID 240
2475193,FIX_START
2476692,FIX_END
2476709,STIM_START
2476958,STIM_END
2477459,RESP_START
2479925,RESP_END
2630584,TRIAL_END 240
2630584,TRIALID 241
2630587,FIX_START
2632077,FIX FAILED
2633578,FIX_SUCCEED
2633578,FIX_END
2633594,STIM_START
2633861,STIM_END
2634361,RESP_START
2638407,RESP_END
2638407,TRIAL_END 241
2638407,TRIALID 242
2638409,FIX_START
2639912,FIX FAILED
2641913,FIX_SUCCEED
2641913,FIX_END
2641929,STIM_START
2642196,STIM_END
2642696,RESP_START
2645463,RESP_END
2645463,TRIAL_END 242
2645463,TRIALID 243
2645465,FIX_START
2646963,FIX_END
2646979,STIM_START
2647229,STIM_END
2647730,RESP_START
2648695,RESP_END
2648695,TRIAL_END 243
2648695,TRIALID 244
2648698,FIX_START
2650197,FIX_END
2650213,STIM_START
2650480,STIM_END
2650980,RESP_START
2652056,RESP_END
2652056,TRIAL_END 244
2652056,TRIALID 245
2652058,FIX_START
2653047,FIX_END
2653063,STIM_START
2653313,STIM_END
2653814,RESP_START
2654777,RESP_END
2654777,TRIAL_END 245
2654777,TRIALID 246
2654780,FIX_START
2656280,FIX_END
2656297,STIM_START
2656547,STIM_END
2657047,RESP_START
2658552,RESP_END
2658552,TRIAL_END 246
2658552,TRIALID 247
2658554,FIX_START
2660048,FIX_END
2660064,STIM_START
2660314,STIM_END
2660814,RESP_START
2662280,RESP_END
2662280,TRIAL_END 247
2662280,TRIALID 248
2662282,FIX_START
2663782,FIX FAILED
2664782,FIX_SUCCEED
2664782,FIX_END
2664798,STIM_START
2665065,STIM_END
2665565,RESP_START
2667144,RESP_END
2667144,TRIAL_END 248
2667144,TRIALID 249
2667147,FIX_START
2668149,FIX_END
2668165,STIM_START
2668432,STIM_END
2668932,RESP_START
2670008,RESP_END
2670008,TRIAL_END 249
2670008,TRIALID 250
2670011,FIX_START
2671499,FIX FAILED
2671999,FIX_SUCCEED
2672000,FIX_END
2672016,STIM_START
2672266,STIM_END
2672766,RESP_START
2673913,RESP_END
2673913,TRIAL_END 250
2673913,TRIALID 251
2673915,FIX_START
2674916,FIX_END
2674933,STIM_START
2675183,STIM_END
2675683,RESP_START
2676633,RESP_END
2676633,TRIAL_END 251
2676633,TRIALID 252
2676635,FIX_START
2678133,FIX FAILED
2679133,FIX_SUCCEED
2679133,FIX_END
2679150,STIM_START
2679400,STIM_END
2679900,RESP_START
2680825,RESP_END
2680825,TRIAL_END 252
2680825,TRIALID 253
2680828,FIX_START
2681817,FIX_END
2681834,STIM_START
2682084,STIM_END
2682584,RESP_START
2683449,RESP_END
2683449,TRIAL_END 253
2683449,TRIALID 254
2683452,FIX_START
2684451,FIX_END
2684467,STIM_START
2684717,STIM_END
2685218,RESP_START
2686153,RESP_END
2686153,TRIAL_END 254
2686153,TRIALID 255
2686156,FIX_START
2687151,FIX_END
2687168,STIM_START
2687434,STIM_END
2687934,RESP_START
2688697,RESP_END
2688697,TRIAL_END 255
2688697,TRIALID 256
2688700,FIX_START
2690201,FIX_END
2690219,STIM_START
2690485,STIM_END
2690985,RESP_START
2692089,RESP_END
2692089,TRIAL_END 256
2692089,TRIALID 257
2692092,FIX_START
2693585,FIX_END
2693602,STIM_START
2693852,STIM_END
2694352,RESP_START
2695322,RESP_END
2695322,TRIAL_END 257
2695322,TRIALID 258
2695324,FIX_START
2696319,FIX_END
2696335,STIM_START
2696586,STIM_END
2697086,RESP_START
2698026,RESP_END
2698026,TRIAL_END 258
2698026,TRIALID 259
2698028,FIX_START
2699519,FIX FAILED
2700520,FIX_SUCCEED
2700520,FIX_END
2700536,STIM_START
2700802,STIM_END
2701303,RESP_START
2702842,RESP_END
2702842,TRIAL_END 259
2702842,TRIALID 260
2704223,FIX_START
2705720,FIX_END
2705737,STIM_START
2706004,STIM_END
2706503,RESP_START
2707547,RESP_END
2707547,TRIAL_END 260
2707547,TRIALID 261
2707549,FIX_START
2709037,FIX_END
2709054,STIM_START
2709320,STIM_END
2709820,RESP_START
2710635,RESP_END
2710635,TRIAL_END 261
2710635,TRIALID 262
2710637,FIX_START
2712137,FIX FAILED
2712638,FIX_SUCCEED
2712638,FIX_END
2712654,STIM_START
2712904,STIM_END
2713405,RESP_START
2714395,RESP_END
2714395,TRIAL_END 262
2714395,TRIALID 263
2714398,FIX_START
2715388,FIX_END
2715405,STIM_START
2715655,STIM_END
2716155,RESP_START
2717100,RESP_END
2717100,TRIAL_END 263
2717100,TRIALID 264
2717103,FIX_START
2718605,FIX_END
2718621,STIM_START
2718889,STIM_END
2719389,RESP_START
2720363,RESP_END
2720363,TRIAL_END 264
2720363,TRIALID 265
2720366,FIX_START
2721855,FIX FAILED
2722856,FIX_SUCCEED
2722856,FIX_END
2722872,STIM_START
2723122,STIM_END
2723622,RESP_START
2724556,RESP_END
2724556,TRIAL_END 265
2724556,TRIALID 266
2724558,FIX_START
2725556,FIX_END
2725573,STIM_START
2725822,STIM_END
2726323,RESP_START
2727228,RESP_END
2727228,TRIAL_END 266
2727228,TRIALID 267
2727230,FIX_START
2728223,FIX_END
2728240,STIM_START
2728507,STIM_END
2729006,RESP_START
2730252,RESP_END
2730252,TRIAL_END 267
2730252,TRIALID 268
2730254,FIX_START
2731756,FIX FAILED
2732257,FIX_SUCCEED
2732257,FIX_END
2732274,STIM_START
2732540,STIM_END
2733040,RESP_START
2734044,RESP_END
2734044,TRIAL_END 268
2734044,TRIALID 269
2734047,FIX_START
2735040,FIX_END
2735057,STIM_START
2735324,STIM_END
2735824,RESP_START
2736796,RESP_END
2736796,TRIAL_END 269
2736796,TRIALID 270
2736799,FIX_START
2738291,FIX_END
2738307,STIM_START
2738557,STIM_END
2739057,RESP_START
2740061,RESP_END
2740061,TRIAL_END 270
2740061,TRIALID 271
2740063,FIX_START
2741058,FIX_END
2741074,STIM_START
2741324,STIM_END
2741825,RESP_START
2742701,RESP_END
2742701,TRIAL_END 271
2742701,TRIALID 272
2742703,FIX_START
2743691,FIX_END
2743708,STIM_START
2743958,STIM_END
2744458,RESP_START
2745629,RESP_END
2745629,TRIAL_END 272
2745629,TRIALID 273
2745631,FIX_START
2747125,FIX_END
2747142,STIM_START
2747392,STIM_END
2747892,RESP_START
2748925,RESP_END
2748925,TRIAL_END 273
2748925,TRIALID 274
2748928,FIX_START
2749926,FIX_END
2749942,STIM_START
2750209,STIM_END
2750709,RESP_START
2751645,RESP_END
2751645,TRIAL_END 274
2751645,TRIALID 275
2751648,FIX_START
2753142,FIX_END
2753159,STIM_START
2753426,STIM_END
2753926,RESP_START
2754814,RESP_END
2754814,TRIAL_END 275
2754814,TRIALID 276
2754816,FIX_START
2756309,FIX_END
2756326,STIM_START
2756576,STIM_END
2757076,RESP_START
2758078,RESP_END
2758078,TRIAL_END 276
2758078,TRIALID 277
2758080,FIX_START
2759077,FIX_END
2759093,STIM_START
2759360,STIM_END
2759860,RESP_START
2760926,RESP_END
2760926,TRIAL_END 277
2760926,TRIALID 278
2760928,FIX_START
2762427,FIX_END
2762443,STIM_START
2762694,STIM_END
2763194,RESP_START
2764142,RESP_END
2764142,TRIAL_END 278
2764142,TRIALID 279
2764144,FIX_START
2765645,FIX_END
2765661,STIM_START
2765911,STIM_END
2766411,RESP_START
2767295,RESP_END
2767295,TRIAL_END 279
2767295,TRIALID 280
2769396,FIX_START
2770395,FIX_END
2770412,STIM_START
2770661,STIM_END
2771162,RESP_START
2772047,RESP_END
2772047,TRIAL_END 280
2772047,TRIALID 281
2772049,FIX_START
2773045,FIX_END
2773062,STIM_START
2773312,STIM_END
2773812,RESP_START
2774847,RESP_END
2774847,TRIAL_END 281
2774847,TRIALID 282
2774849,FIX_START
2776345,FIX FAILED
2777346,FIX_SUCCEED
2777346,FIX_END
2777362,STIM_START
2777629,STIM_END
2778129,RESP_START
2778991,RESP_END
2778991,TRIAL_END 282
2778991,TRIALID 283
2778994,FIX_START
2780496,FIX_END
2780513,STIM_START
2780762,STIM_END
2781263,RESP_START
2782383,RESP_END
2782383,TRIAL_END 283
2782383,TRIALID 284
2782386,FIX_START
2783880,FIX FAILED
2785380,FIX_SUCCEED
2785380,FIX_END
2785397,STIM_START
2785663,STIM_END
2786163,RESP_START
2787168,RESP_END
2787168,TRIAL_END 284
2787168,TRIALID 285
2787170,FIX_START
2788664,FIX_END
2788680,STIM_START
2788930,STIM_END
2789430,RESP_START
2790448,RESP_END
2790448,TRIAL_END 285
2790448,TRIALID 286
2790450,FIX_START
2791947,FIX_END
2791964,STIM_START
2792231,STIM_END
2792731,RESP_START
2793776,RESP_END
2793776,TRIAL_END 286
2793776,TRIALID 287
2793779,FIX_START
2795281,FIX FAILED
2796282,FIX_SUCCEED
2796282,FIX_END
2796297,STIM_START
2796548,STIM_END
2797048,RESP_START
2798032,RESP_END
2798032,TRIAL_END 287
2798032,TRIALID 288
2798035,FIX_START
2799532,FIX_END
2799549,STIM_START
2799815,STIM_END
2800315,RESP_START
2801697,RESP_END
2801697,TRIAL_END 288
2801697,TRIALID 289
2801699,FIX_START
2803198,FIX_END
2803215,STIM_START
2803482,STIM_END
2803982,RESP_START
2805121,RESP_END
2805121,TRIAL_END 289
2805121,TRIALID 290
2805123,FIX_START
2806616,FIX_END
2806633,STIM_START
2806883,STIM_END
2807383,RESP_START
2808337,RESP_END
2808337,TRIAL_END 290
2808337,TRIALID 291
2808339,FIX_START
2809833,FIX_END
2809850,STIM_START
2810100,STIM_END
2810600,RESP_START
2811553,RESP_END
2811553,TRIAL_END 291
2811553,TRIALID 292
2811555,FIX_START
2813050,FIX_END
2813067,STIM_START
2813333,STIM_END
2813834,RESP_START
2814753,RESP_END
2814753,TRIAL_END 292
2814753,TRIALID 293
2814756,FIX_START
2816250,FIX_END
2816267,STIM_START
2816534,STIM_END
2817034,RESP_START
2818034,RESP_END
2818034,TRIAL_END 293
2818034,TRIALID 294
2818036,FIX_START
2819534,FIX FAILED
2820035,FIX_SUCCEED
2820035,FIX_END
2820051,STIM_START
2820318,STIM_END
2820818,RESP_START
2821682,RESP_END
2821682,TRIAL_END 294
2821682,TRIALID 295
2821684,FIX_START
2823185,FIX FAILED
2823685,FIX_SUCCEED
2823685,FIX_END
2823701,STIM_START
2823952,STIM_END
2824451,RESP_START
2825410,RESP_END
2825410,TRIAL_END 295
2825410,TRIALID 296
2825412,FIX_START
2826902,FIX FAILED
2827402,FIX_SUCCEED
2827402,FIX_END
2827418,STIM_START
2827685,STIM_END
2828185,RESP_START
2829250,RESP_END
2829250,TRIAL_END 296
2829250,TRIALID 297
2829253,FIX_START
2830252,FIX_END
2830269,STIM_START
2830519,STIM_END
2831019,RESP_START
2832066,RESP_END
2832066,TRIAL_END 297
2832067,TRIALID 298
2832069,FIX_START
2833569,FIX_END
2833586,STIM_START
2833852,STIM_END
2834352,RESP_START
2835395,RESP_END
2835395,TRIAL_END 298
2835395,TRIALID 299
2835397,FIX_START
2836887,FIX_END
2836903,STIM_START
2837170,STIM_END
2837670,RESP_START
2838723,RESP_END
2838723,TRIAL_END 299
2838723,TRIALID 300
3057506,FIX_START
3058997,FIX FAILED
3059497,FIX_SUCCEED
3059497,FIX_END
3059514,STIM_START
3059781,STIM_END
3060281,RESP_START
3061984,RESP_END
3061984,TRIAL_END 300
3061984,TRIALID 301
3061987,FIX_START
3062981,FIX_END
3062998,STIM_START
3063264,STIM_END
3063764,RESP_START
3064689,RESP_END
3064689,TRIAL_END 301
3064689,TRIALID 302
3064691,FIX_START
3066182,FIX_END
3066198,STIM_START
3066465,STIM_END
3066965,RESP_START
3068353,RESP_END
3068353,TRIAL_END 302
3068353,TRIALID 303
3068355,FIX_START
3069349,FIX_END
3069365,STIM_START
3069615,STIM_END
3070115,RESP_START
3071153,RESP_END
3071153,TRIAL_END 303
3071153,TRIALID 304
3071155,FIX_START
3072649,FIX FAILED
3075649,FIX_SUCCEED
3075649,FIX_END
3075666,STIM_START
3075933,STIM_END
3076433,RESP_START
3077554,RESP_END
3077554,TRIAL_END 304
3077554,TRIALID 305
3077556,FIX_START
3079050,FIX FAILED
3081550,FIX_SUCCEED
3081550,FIX_END
3081567,STIM_START
3081833,STIM_END
3082333,RESP_START
3083490,RESP_END
3083490,TRIAL_END 305
3083490,TRIALID 306
3083493,FIX_START
3084984,FIX FAILED
3088984,FIX_SUCCEED
3088984,FIX_END
3089001,STIM_START
3089267,STIM_END
3089768,RESP_START
3090786,RESP_END
3090786,TRIAL_END 306
3090786,TRIALID 307
3090789,FIX_START
3092285,FIX_END
3092301,STIM_START
3092552,STIM_END
3093052,RESP_START
3094083,RESP_END
3094083,TRIAL_END 307
3094083,TRIALID 308
3094085,FIX_START
3095585,FIX_END
3095602,STIM_START
3095869,STIM_END
3096369,RESP_START
3097587,RESP_END
3097587,TRIAL_END 308
3097587,TRIALID 309
3097589,FIX_START
3099085,FIX FAILED
3100586,FIX_SUCCEED
3100586,FIX_END
3100602,STIM_START
3100869,STIM_END
3101369,RESP_START
3102435,RESP_END
3102435,TRIAL_END 309
3102435,TRIALID 310
3102438,FIX_START
3103936,FIX FAILED
3104436,FIX_SUCCEED
3104436,FIX_END
3104453,STIM_START
3104720,STIM_END
3105220,RESP_START
3106035,RESP_END
3106035,TRIAL_END 310
3106035,TRIALID 311
3106038,FIX_START
3106536,FIX_END
3106553,STIM_START
3106820,STIM_END
3107320,RESP_START
3108404,RESP_END
3108404,TRIAL_END 311
3108404,TRIALID 312
3108406,FIX_START
3109404,FIX_END
3109420,STIM_START
3109670,STIM_END
3110170,RESP_START
3111124,RESP_END
3111124,TRIAL_END 312
3111124,TRIALID 313
3111127,FIX_START
3112621,FIX_END
3112637,STIM_START
3112887,STIM_END
3113387,RESP_START
3115540,RESP_END
3115540,TRIAL_END 313
3115540,TRIALID 314
3115542,FIX_START
3117038,FIX_END
3117055,STIM_START
3117321,STIM_END
3117821,RESP_START
3118708,RESP_END
3118708,TRIAL_END 314
3118708,TRIALID 315
3118711,FIX_START
3120205,FIX_END
3120222,STIM_START
3120488,STIM_END
3120988,RESP_START
3121812,RESP_END
3121812,TRIAL_END 315
3121812,TRIALID 316
3121815,FIX_START
3123305,FIX_END
3123322,STIM_START
3123588,STIM_END
3124089,RESP_START
3125845,RESP_END
3125845,TRIAL_END 316
3125845,TRIALID 317
3125847,FIX_START
3127339,FIX FAILED
3157343,FIX_SUCCEED
3157343,FIX_END
3157359,STIM_START
3157626,STIM_END
3158126,RESP_START
3159063,RESP_END
3159063,TRIAL_END 317
3159063,TRIALID 318
3159065,FIX_START
3160560,FIX FAILED
3163060,FIX_SUCCEED
3163060,FIX_END
3163077,STIM_START
3163327,STIM_END
3163827,RESP_START
3165079,RESP_END
3165079,TRIAL_END 318
3165079,TRIALID 319
3165081,FIX_START
3166577,FIX_END
3166594,STIM_START
3166844,STIM_END
3167344,RESP_START
3168327,RESP_END
3168327,TRIAL_END 319
3168327,TRIALID 320
3169979,FIX_START
3171478,FIX_END
3171494,STIM_START
3171745,STIM_END
3172245,RESP_START
3173176,RESP_END
3173176,TRIAL_END 320
3173176,TRIALID 321
3173178,FIX_START
3174679,FIX FAILED
3175179,FIX_SUCCEED
3175179,FIX_END
3175195,STIM_START
3175462,STIM_END
3175962,RESP_START
3177000,RESP_END
3177000,TRIAL_END 321
3177000,TRIALID 322
3177002,FIX_START
3177995,FIX_END
3178012,STIM_START
3178278,STIM_END
3178779,RESP_START
3180200,RESP_END
3180200,TRIAL_END 322
3180200,TRIALID 323
3180202,FIX_START
3181696,FIX FAILED
3217200,FIX_SUCCEED
3217200,FIX_END
3217217,STIM_START
3217484,STIM_END
3217984,RESP_START
3218698,RESP_END
3218698,TRIAL_END 323
3218698,TRIALID 324
3218701,FIX_START
3220201,FIX FAILED
3225201,FIX_SUCCEED
3225201,FIX_END
3225218,STIM_START
3225468,STIM_END
3225968,RESP_START
3227451,RESP_END
3227451,TRIAL_END 324
3227451,TRIALID 325
3227454,FIX_START
3228952,FIX FAILED
3229952,FIX_SUCCEED
3229952,FIX_END
3229968,STIM_START
3230219,STIM_END
3230719,RESP_START
3231627,RESP_END
3231627,TRIAL_END 325
3231627,TRIALID 326
3231629,FIX_START
3233119,FIX_END
3233136,STIM_START
3233386,STIM_END
3233886,RESP_START
3236011,RESP_END
3236011,TRIAL_END 326
3236011,TRIALID 327
3236014,FIX_START
3237503,FIX_END
3237519,STIM_START
3237770,STIM_END
3238270,RESP_START
3239244,RESP_END
3239244,TRIAL_END 327
3239244,TRIALID 328
3239246,FIX_START
3240236,FIX_END
3240253,STIM_START
3240520,STIM_END
3241020,RESP_START
3242444,RESP_END
3242444,TRIAL_END 328
3242444,TRIALID 329
3242446,FIX_START
3243937,FIX_END
3243953,STIM_START
3244221,STIM_END
3244721,RESP_START
3245532,RESP_END
3245532,TRIAL_END 329
3245532,TRIALID 330
3245534,FIX_START
3247037,FIX_END
3247054,STIM_START
3247304,STIM_END
3247804,RESP_START
3248732,RESP_END
3248732,TRIAL_END 330
3248732,TRIALID 331
3248735,FIX_START
3250238,FIX_END
3250254,STIM_START
3250504,STIM_END
3251004,RESP_START
3252012,RESP_END
3252012,TRIAL_END 331
3252012,TRIALID 332
3252015,FIX_START
3253005,FIX_END
3253021,STIM_START
3253271,STIM_END
3253771,RESP_START
3254796,RESP_END
3254796,TRIAL_END 332
3254796,TRIALID 333
3254799,FIX_START
3256288,FIX_END
3256305,STIM_START
3256572,STIM_END
3257072,RESP_START
3257901,RESP_END
3257901,TRIAL_END 333
3257901,TRIALID 334
3257903,FIX_START
3259405,FIX FAILED
3261406,FIX_SUCCEED
3261406,FIX_END
3261423,STIM_START
3261672,STIM_END
3262172,RESP_START
3263197,RESP_END
3263197,TRIAL_END 334
3263197,TRIALID 335
3263199,FIX_START
3264689,FIX_END
3264706,STIM_START
3264956,STIM_END
3265456,RESP_START
3266253,RESP_END
3266253,TRIAL_END 335
3266253,TRIALID 336
3266255,FIX_START
3267757,FIX FAILED
3268757,FIX_SUCCEED
3268757,FIX_END
3268773,STIM_START
3269023,STIM_END
3269524,RESP_START
3270318,RESP_END
3270318,TRIAL_END 336
3270318,TRIALID 337
3270320,FIX_START
3271823,FIX_END
3271840,STIM_START
3272107,STIM_END
3272607,RESP_START
3273550,RESP_END
3273550,TRIAL_END 337
3273550,TRIALID 338
3273552,FIX_START
3275040,FIX_END
3275058,STIM_START
3275324,STIM_END
3275824,RESP_START
3276830,RESP_END
3276830,TRIAL_END 338
3276830,TRIALID 339
3276832,FIX_START
3278324,FIX_END
3278341,STIM_START
3278608,STIM_END
3279108,RESP_START
3280415,RESP_END
3280415,TRIAL_END 339
3280415,TRIALID 340
3401142,FIX_START
3402140,FIX_END
3402157,STIM_START
3402423,STIM_END
3402924,RESP_START
3404166,RESP_END
3404166,TRIAL_END 340
3404166,TRIALID 341
3404168,FIX_START
3405657,FIX_END
3405673,STIM_START
3405940,STIM_END
3406441,RESP_START
3407335,RESP_END
3407335,TRIAL_END 341
3407335,TRIALID 342
3407337,FIX_START
3408841,FIX_END
3408857,STIM_START
3409124,STIM_END
3409624,RESP_START
3410758,RESP_END
3410758,TRIAL_END 342
3410758,TRIALID 343
3410760,FIX_START
3412258,FIX_END
3412274,STIM_START
3412524,STIM_END
3413025,RESP_START
3414262,RESP_END
3414262,TRIAL_END 343
3414262,TRIALID 344
3414265,FIX_START
3415258,FIX_END
3415275,STIM_START
3415525,STIM_END
3416025,RESP_START
3417015,RESP_END
3417015,TRIAL_END 344
3417015,TRIALID 345
3417017,FIX_START
3418509,FIX_END
3418525,STIM_START
3418792,STIM_END
3419292,RESP_START
3420215,RESP_END
3420215,TRIAL_END 345
3420215,TRIALID 346
3420217,FIX_START
3421709,FIX_END
3421726,STIM_START
3421992,STIM_END
3422493,RESP_START
3423511,RESP_END
3423511,TRIAL_END 346
3423511,TRIALID 347
3423513,FIX_START
3425009,FIX_END
3425026,STIM_START
3425276,STIM_END
3425776,RESP_START
3426711,RESP_END
3426711,TRIAL_END 347
3426711,TRIALID 348
3426714,FIX_START
3427710,FIX_END
3427727,STIM_START
3427993,STIM_END
3428493,RESP_START
3429431,RESP_END
3429431,TRIAL_END 348
3429431,TRIALID 349
3429434,FIX_START
3430927,FIX FAILED
3432427,FIX_SUCCEED
3432427,FIX_END
3432444,STIM_START
3432711,STIM_END
3433210,RESP_START
3434152,RESP_END
3434152,TRIAL_END 349
3434152,TRIALID 350
3434154,FIX_START
3435144,FIX_END
3435161,STIM_START
3435411,STIM_END
3435911,RESP_START
3436952,RESP_END
3436952,TRIAL_END 350
3436952,TRIALID 351
3436954,FIX_START
3438444,FIX FAILED
3438945,FIX_SUCCEED
3438945,FIX_END
3438961,STIM_START
3439228,STIM_END
3439728,RESP_START
3441032,RESP_END
3441032,TRIAL_END 351
3441032,TRIALID 352
3441034,FIX_START
3442529,FIX FAILED
3444528,FIX_SUCCEED
3444528,FIX_END
3444545,STIM_START
3444811,STIM_END
3445312,RESP_START
3446408,RESP_END
3446408,TRIAL_END 352
3446408,TRIALID 353
3446411,FIX_START
3447912,FIX_END
3447929,STIM_START
3448195,STIM_END
3448696,RESP_START
3449641,RESP_END
3449641,TRIAL_END 353
3449641,TRIALID 354
3449643,FIX_START
3451146,FIX FAILED
3451646,FIX_SUCCEED
3451646,FIX_END
3451663,STIM_START
3451912,STIM_END
3452412,RESP_START
3453369,RESP_END
3453369,TRIAL_END 354
3453369,TRIALID 355
3453371,FIX_START
3454863,FIX FAILED
3456863,FIX_SUCCEED
3456863,FIX_END
3456880,STIM_START
3457147,STIM_END
3457647,RESP_START
3459273,RESP_END
3459273,TRIAL_END 355
3459273,TRIALID 356
3459276,FIX_START
3460780,FIX_END
3460797,STIM_START
3461064,STIM_END
3461564,RESP_START
3462425,RESP_END
3462425,TRIAL_END 356
3462425,TRIALID 357
3462428,FIX_START
3463931,FIX_END
3463948,STIM_START
3464198,STIM_END
3464698,RESP_START
3465626,RESP_END
3465626,TRIAL_END 357
3465626,TRIALID 358
3465628,FIX_START
3467131,FIX_END
3467148,STIM_START
3467415,STIM_END
3467915,RESP_START
3469642,RESP_END
3469642,TRIAL_END 358
3469642,TRIALID 359
3469644,FIX_START
3471149,FIX FAILED
3472649,FIX_SUCCEED
3472649,FIX_END
3472665,STIM_START
3472916,STIM_END
3473415,RESP_START
3475386,RESP_END
3475386,TRIAL_END 359
3475386,TRIALID 360
3488464,FIX_START
3489968,FIX FAILED
3490968,FIX_SUCCEED
3490968,FIX_END
3490984,STIM_START
3491234,STIM_END
3491735,RESP_START
3493355,RESP_END
3493355,TRIAL_END 360
3493355,TRIALID 361
3493358,FIX_START
3494851,FIX FAILED
3496851,FIX_SUCCEED
3496851,FIX_END
3496868,STIM_START
3497119,STIM_END
3497619,RESP_START
3498508,RESP_END
3498508,TRIAL_END 361
3498508,TRIALID 362
3498510,FIX_START
3499502,FIX_END
3499519,STIM_START
3499769,STIM_END
3500269,RESP_START
3502316,RESP_END
3502316,TRIAL_END 362
3502316,TRIALID 363
3502318,FIX_START
3503819,FIX FAILED
3506819,FIX_SUCCEED
3506819,FIX_END
3506836,STIM_START
3507087,STIM_END
3507586,RESP_START
3508780,RESP_END
3508780,TRIAL_END 363
3508780,TRIALID 364
3508783,FIX_START
3510287,FIX FAILED
3510786,FIX_SUCCEED
3510786,FIX_END
3510803,STIM_START
3511053,STIM_END
3511553,RESP_START
3512380,RESP_END
3512380,TRIAL_END 364
3512380,TRIALID 365
3512383,FIX_START
3513887,FIX_END
3513904,STIM_START
3514171,STIM_END
3514671,RESP_START
3515677,RESP_END
3515677,TRIAL_END 365
3515677,TRIALID 366
3515679,FIX_START
3517171,FIX_END
3517188,STIM_START
3517438,STIM_END
3517938,RESP_START
3518861,RESP_END
3518861,TRIAL_END 366
3518861,TRIALID 367
3518863,FIX_START
3520355,FIX_END
3520371,STIM_START
3520622,STIM_END
3521122,RESP_START
3522013,RESP_END
3522013,TRIAL_END 367
3522013,TRIALID 368
3522015,FIX_START
3523005,FIX_END
3523022,STIM_START
3523272,STIM_END
3523772,RESP_START
3524622,RESP_END
3524622,TRIAL_END 368
3524622,TRIALID 369
3524624,FIX_START
3526122,FIX_END
3526139,STIM_START
3526388,STIM_END
3526889,RESP_START
3527677,RESP_END
3527677,TRIAL_END 369
3527677,TRIALID 370
3527679,FIX_START
3529173,FIX_END
3529189,STIM_START
3529456,STIM_END
3529956,RESP_START
3530814,RESP_END
3530814,TRIAL_END 370
3530814,TRIALID 371
3530816,FIX_START
3531806,FIX_END
3531823,STIM_START
3532089,STIM_END
3532590,RESP_START
3533550,RESP_END
3533550,TRIAL_END 371
3533550,TRIALID 372
3533552,FIX_START
3535057,FIX_END
3535073,STIM_START
3535340,STIM_END
3535840,RESP_START
3537006,RESP_END
3537006,TRIAL_END 372
3537006,TRIALID 373
3537008,FIX_START
3538007,FIX_END
3538023,STIM_START
3538273,STIM_END
3538773,RESP_START
3539727,RESP_END
3539727,TRIAL_END 373
3539727,TRIALID 374
3539729,FIX_START
3541224,FIX_END
3541241,STIM_START
3541507,STIM_END
3542007,RESP_START
3542926,RESP_END
3542926,TRIAL_END 374
3542926,TRIALID 375
3542929,FIX_START
3544424,FIX_END
3544441,STIM_START
3544691,STIM_END
3545191,RESP_START
3545966,RESP_END
3545966,TRIAL_END 375
3545966,TRIALID 376
3545969,FIX_START
3547458,FIX_END
3547474,STIM_START
3547724,STIM_END
3548225,RESP_START
3549183,RESP_END
3549183,TRIAL_END 376
3549183,TRIALID 377
3549185,FIX_START
3550675,FIX_END
3550692,STIM_START
3550959,STIM_END
3551459,RESP_START
3552463,RESP_END
3552463,TRIAL_END 377
3552463,TRIALID 378
3552465,FIX_START
3553459,FIX_END
3553475,STIM_START
3553725,STIM_END
3554225,RESP_START
3555391,RESP_END
3555391,TRIAL_END 378
3555391,TRIALID 379
3555393,FIX_START
3556893,FIX FAILED
3558393,FIX_SUCCEED
3558393,FIX_END
3558409,STIM_START
3558676,STIM_END
3559176,RESP_START
3560175,RESP_END
3560175,TRIAL_END 379
3560175,TRIALID 380
3561219,FIX_START
3562210,FIX_END
3562226,STIM_START
3562493,STIM_END
3562993,RESP_START
3563936,RESP_END
3563936,TRIAL_END 380
3563936,TRIALID 381
3563938,FIX_START
3564926,FIX_END
3564943,STIM_START
3565210,STIM_END
3565710,RESP_START
3566576,RESP_END
3566576,TRIAL_END 381
3566576,TRIALID 382
3566578,FIX_START
3567577,FIX_END
3567594,STIM_START
3567861,STIM_END
3568361,RESP_START
3569312,RESP_END
3569312,TRIAL_END 382
3569312,TRIALID 383
3569314,FIX_START
3570811,FIX_END
3570827,STIM_START
3571094,STIM_END
3571595,RESP_START
3572448,RESP_END
3572448,TRIAL_END 383
3572448,TRIALID 384
3572450,FIX_START
3573945,FIX FAILED
3574444,FIX_SUCCEED
3574444,FIX_END
3574461,STIM_START
3574728,STIM_END
3575228,RESP_START
3576064,RESP_END
3576064,TRIAL_END 384
3576064,TRIALID 385
3576067,FIX_START
3577562,FIX_END
3577578,STIM_START
3577845,STIM_END
3578345,RESP_START
3579312,RESP_END
3579312,TRIAL_END 385
3579312,TRIALID 386
3579315,FIX_START
3580813,FIX FAILED
3581313,FIX_SUCCEED
3581313,FIX_END
3581329,STIM_START
3581595,STIM_END
3582095,RESP_START
3583249,RESP_END
3583249,TRIAL_END 386
3583249,TRIALID 387
3583251,FIX_START
3584746,FIX FAILED
3585246,FIX_SUCCEED
3585246,FIX_END
3585263,STIM_START
3585513,STIM_END
3586013,RESP_START
3586993,RESP_END
3586993,TRIAL_END 387
3586993,TRIALID 388
3586995,FIX_START
3588497,FIX_END
3588513,STIM_START
3588780,STIM_END
3589280,RESP_START
3590305,RESP_END
3590305,TRIAL_END 388
3590305,TRIALID 389
3590308,FIX_START
3591797,FIX FAILED
3592797,FIX_SUCCEED
3592797,FIX_END
3592813,STIM_START
3593080,STIM_END
3593580,RESP_START
3595682,RESP_END
3595682,TRIAL_END 389
3595682,TRIALID 390
3595684,FIX_START
3597181,FIX_END
3597197,STIM_START
3597447,STIM_END
3597948,RESP_START
3598929,RESP_END
3598929,TRIAL_END 390
3598929,TRIALID 391
3598932,FIX_START
3600431,FIX_END
3600448,STIM_START
3600698,STIM_END
3601198,RESP_START
3602162,RESP_END
3602162,TRIAL_END 391
3602162,TRIALID 392
3602164,FIX_START
3603665,FIX_END
3603681,STIM_START
3603932,STIM_END
3604432,RESP_START
3605570,RESP_END
3605570,TRIAL_END 392
3605570,TRIALID 393
3605573,FIX_START
3607065,FIX FAILED
3607565,FIX_SUCCEED
3607566,FIX_END
3607582,STIM_START
3607849,STIM_END
3608349,RESP_START
3609282,RESP_END
3609282,TRIAL_END 393
3609282,TRIALID 394
3609285,FIX_START
3610783,FIX FAILED
3611282,FIX_SUCCEED
3611282,FIX_END
3611299,STIM_START
3611566,STIM_END
3612066,RESP_START
3613059,RESP_END
3613059,TRIAL_END 394
3613059,TRIALID 395
3613061,FIX_START
3614549,FIX FAILED
3615050,FIX_SUCCEED
3615050,FIX_END
3615066,STIM_START
3615333,STIM_END
3615833,RESP_START
3616883,RESP_END
3616883,TRIAL_END 395
3616883,TRIALID 396
3616885,FIX_START
3617883,FIX_END
3617900,STIM_START
3618167,STIM_END
3618667,RESP_START
3619763,RESP_END
3619763,TRIAL_END 396
3619763,TRIALID 397
3619766,FIX_START
3621267,FIX_END
3621284,STIM_START
3621534,STIM_END
3622034,RESP_START
3623604,RESP_END
3623604,TRIAL_END 397
3623604,TRIALID 398
3623606,FIX_START
3624101,FIX_END
3624118,STIM_START
3624384,STIM_END
3624884,RESP_START
3626083,RESP_END
3626083,TRIAL_END 398
3626083,TRIALID 399
3626086,FIX_START
3627584,FIX FAILED
3628085,FIX_SUCCEED
3628085,FIX_END
3628101,STIM_START
3628352,STIM_END
3628851,RESP_START
3629828,RESP_END
3629828,TRIAL_END 399
3629828,TRIALID 400
3630856,FIX_START
3632352,FIX FAILED
3632852,FIX_SUCCEED
3632852,FIX_END
3632868,STIM_START
3633119,STIM_END
3633619,RESP_START
3634420,RESP_END
3634420,TRIAL_END 400
3634420,TRIALID 401
3634423,FIX_START
3634919,FIX_END
3634935,STIM_START
3635202,STIM_END
3635702,RESP_START
3640628,RESP_END
3640628,TRIAL_END 401
3640628,TRIALID 402
3640631,FIX_START
3642120,FIX_END
3642137,STIM_START
3642387,STIM_END
3642886,RESP_START
3643653,RESP_END
3643653,TRIAL_END 402
3643653,TRIALID 403
3643655,FIX_START
3645153,FIX_END
3645170,STIM_START
3645420,STIM_END
3645920,RESP_START
3646821,RESP_END
3646821,TRIAL_END 403
3646821,TRIALID 404
3646824,FIX_START
3648320,FIX_END
3648337,STIM_START
3648604,STIM_END
3649104,RESP_START
3650037,RESP_END
3650037,TRIAL_END 404
3650037,TRIALID 405
3650039,FIX_START
3651538,FIX FAILED
3652038,FIX_SUCCEED
3652038,FIX_END
3652054,STIM_START
3652305,STIM_END
3652805,RESP_START
3653541,RESP_END
3653541,TRIAL_END 405
3653541,TRIALID 406
3653544,FIX_START
3655038,FIX_END
3655055,STIM_START
3655305,STIM_END
3655805,RESP_START
3656709,RESP_END
3656709,TRIAL_END 406
3656709,TRIALID 407
3656712,FIX_START
3657705,FIX_END
3657722,STIM_START
3657988,STIM_END
3658489,RESP_START
3659462,RESP_END
3659462,TRIAL_END 407
3659462,TRIALID 408
3659464,FIX_START
3660955,FIX FAILED
3661955,FIX_SUCCEED
3661955,FIX_END
3661972,STIM_START
3662222,STIM_END
3662722,RESP_START
3663590,RESP_END
3663590,TRIAL_END 408
3663590,TRIALID 409
3663592,FIX_START
3665089,FIX_END
3665106,STIM_START
3665373,STIM_END
3665873,RESP_START
3666838,RESP_END
3666838,TRIAL_END 409
3666838,TRIALID 410
3666840,FIX_START
3668339,FIX FAILED
3669340,FIX_SUCCEED
3669340,FIX_END
3669356,STIM_START
3669623,STIM_END
3670123,RESP_START
3670966,RESP_END
3670966,TRIAL_END 410
3670966,TRIALID 411
3670969,FIX_START
3672457,FIX FAILED
3672957,FIX_SUCCEED
3672957,FIX_END
3672974,STIM_START
3673240,STIM_END
3673740,RESP_START
3674982,RESP_END
3674982,TRIAL_END 411
3674982,TRIALID 412
3674985,FIX_START
3675974,FIX_END
3675991,STIM_START
3676257,STIM_END
3676757,RESP_START
3677671,RESP_END
3677671,TRIAL_END 412
3677671,TRIALID 413
3677673,FIX_START
3679174,FIX_END
3679191,STIM_START
3679441,STIM_END
3679941,RESP_START
3680919,RESP_END
3680919,TRIAL_END 413
3680919,TRIALID 414
3680921,FIX_START
3682425,FIX_END
3682441,STIM_START
3682691,STIM_END
3683191,RESP_START
3684167,RESP_END
3684167,TRIAL_END 414
3684167,TRIALID 415
3684169,FIX_START
3685658,FIX_END
3685675,STIM_START
3685925,STIM_END
3686425,RESP_START
3687431,RESP_END
3687431,TRIAL_END 415
3687431,TRIALID 416
3687434,FIX_START
3688926,FIX_END
3688942,STIM_START
3689209,STIM_END
3689709,RESP_START
3690728,RESP_END
3690728,TRIAL_END 416
3690728,TRIALID 417
3690730,FIX_START
3692226,FIX_END
3692243,STIM_START
3692509,STIM_END
3693009,RESP_START
3694040,RESP_END
3694040,TRIAL_END 417
3694040,TRIALID 418
3694042,FIX_START
3695543,FIX_END
3695560,STIM_START
3695826,STIM_END
3696327,RESP_START
3697576,RESP_END
3697576,TRIAL_END 418
3697576,TRIALID 419
3697578,FIX_START
3699077,FIX_END
3699094,STIM_START
3699344,STIM_END
3699843,RESP_START
3700712,RESP_END
3700712,TRIAL_END 419
3700712,TRIALID 420
3701722,FIX_START
3703227,FIX_END
3703244,STIM_START
3703494,STIM_END
3703994,RESP_START
3705432,RESP_END
3705432,TRIAL_END 420
3705432,TRIALID 421
3705435,FIX_START
3706928,FIX FAILED
3708428,FIX_SUCCEED
3708428,FIX_END
3708445,STIM_START
3708711,STIM_END
3709211,RESP_START
3710201,RESP_END
3710201,TRIAL_END 421
3710201,TRIALID 422
3710203,FIX_START
3711695,FIX_END
3711712,STIM_START
3711962,STIM_END
3712462,RESP_START
3713625,RESP_END
3713625,TRIAL_END 422
3713625,TRIALID 423
3713627,FIX_START
3715129,FIX_END
3715146,STIM_START
3715412,STIM_END
3715912,RESP_START
3717337,RESP_END
3717337,TRIAL_END 423
3717337,TRIALID 424
3717339,FIX_START
3718829,FIX_END
3718846,STIM_START
3719096,STIM_END
3719596,RESP_START
3720553,RESP_END
3720553,TRIAL_END 424
3720553,TRIALID 425
3720556,FIX_START
3722046,FIX_END
3722063,STIM_START
3722314,STIM_END
3722813,RESP_START
3723834,RESP_END
3723834,TRIAL_END 425
3723834,TRIALID 426
3723836,FIX_START
3724831,FIX_END
3724847,STIM_START
3725114,STIM_END
3725613,RESP_START
3726634,RESP_END
3726634,TRIAL_END 426
3726634,TRIALID 427
3726636,FIX_START
3727630,FIX_END
3727647,STIM_START
3727897,STIM_END
3728397,RESP_START
3729450,RESP_END
3729450,TRIAL_END 427
3729450,TRIALID 428
3729452,FIX_START
3730947,FIX_END
3730964,STIM_START
3731231,STIM_END
3731731,RESP_START
3732810,RESP_END
3732810,TRIAL_END 428
3732810,TRIALID 429
3732813,FIX_START
3734315,FIX_END
3734331,STIM_START
3734581,STIM_END
3735081,RESP_START
3736442,RESP_END
3736442,TRIAL_END 429
3736442,TRIALID 430
3736445,FIX_START
3736948,FIX_END
3736965,STIM_START
3737232,STIM_END
3737732,RESP_START
3739306,RESP_END
3739306,TRIAL_END 430
3739306,TRIALID 431
3739309,FIX_START
3740798,FIX FAILED
3741298,FIX_SUCCEED
3741298,FIX_END
3741315,STIM_START
3741565,STIM_END
3742066,RESP_START
3744427,RESP_END
3744427,TRIAL_END 431
3744427,TRIALID 432
3744429,FIX_START
3745933,FIX FAILED
3746433,FIX_SUCCEED
3746433,FIX_END
3746449,STIM_START
3746716,STIM_END
3747216,RESP_START
3748347,RESP_END
3748347,TRIAL_END 432
3748347,TRIALID 433
3748350,FIX_START
3749850,FIX FAILED
3750350,FIX_SUCCEED
3750350,FIX_END
3750366,STIM_START
3750616,STIM_END
3751117,RESP_START
3752012,RESP_END
3752012,TRIAL_END 433
3752012,TRIALID 434
3752014,FIX_START
3753517,FIX FAILED
3754017,FIX_SUCCEED
3754017,FIX_END
3754034,STIM_START
3754300,STIM_END
3754800,RESP_START
3755820,RESP_END
3755820,TRIAL_END 434
3755820,TRIALID 435
3755822,FIX_START
3757318,FIX FAILED
3758317,FIX_SUCCEED
3758317,FIX_END
3758334,STIM_START
3758601,STIM_END
3759101,RESP_START
3760652,RESP_END
3760652,TRIAL_END 435
3760652,TRIALID 436
3760654,FIX_START
3762151,FIX_END
3762168,STIM_START
3762435,STIM_END
3762935,RESP_START
3763869,RESP_END
3763869,TRIAL_END 436
3763869,TRIALID 437
3763871,FIX_START
3764368,FIX_END
3764385,STIM_START
3764635,STIM_END
3765135,RESP_START
3766236,RESP_END
3766236,TRIAL_END 437
3766236,TRIALID 438
3766238,FIX_START
3767235,FIX_END
3767252,STIM_START
3767519,STIM_END
3768019,RESP_START
3768956,RESP_END
3768956,TRIAL_END 438
3768956,TRIALID 439
3768959,FIX_START
3770452,FIX FAILED
3770952,FIX_SUCCEED
3770952,FIX_END
3770969,STIM_START
3771236,STIM_END
3771736,RESP_START
3774333,RESP_END
3774333,TRIAL_END 439
3774333,TRIALID 440
3775327,FIX_START
3776820,FIX FAILED
3777320,FIX_SUCCEED
3777320,FIX_END
3777336,STIM_START
3777587,STIM_END
3778087,RESP_START
3779101,RESP_END
3779101,TRIAL_END 440
3779101,TRIALID 441
3779104,FIX_START
3780604,FIX_END
3780621,STIM_START
3780871,STIM_END
3781370,RESP_START
3782333,RESP_END
3782333,TRIAL_END 441
3782333,TRIALID 442
3782335,FIX_START
3783837,FIX FAILED
3785837,FIX_SUCCEED
3785837,FIX_END
3785854,STIM_START
3786104,STIM_END
3786605,RESP_START
3787518,RESP_END
3787518,TRIAL_END 442
3787518,TRIALID 443
3787520,FIX_START
3789021,FIX FAILED
3791521,FIX_SUCCEED
3791521,FIX_END
3791538,STIM_START
3791788,STIM_END
3792288,RESP_START
3793326,RESP_END
3793326,TRIAL_END 443
3793326,TRIALID 444
3793328,FIX_START
3794822,FIX FAILED
3796822,FIX_SUCCEED
3796822,FIX_END
3796839,STIM_START
3797089,STIM_END
3797589,RESP_START
3798478,RESP_END
3798478,TRIAL_END 444
3798478,TRIALID 445
3798481,FIX_START
3799973,FIX FAILED
3806974,FIX_SUCCEED
3806974,FIX_END
3806990,STIM_START
3807258,STIM_END
3807757,RESP_START
3808671,RESP_END
3808671,TRIAL_END 445
3808671,TRIALID 446
3808673,FIX_START
3810174,FIX FAILED
3810674,FIX_SUCCEED
3810674,FIX_END
3810691,STIM_START
3810941,STIM_END
3811441,RESP_START
3812559,RESP_END
3812559,TRIAL_END 446
3812559,TRIALID 447
3812561,FIX_START
3814058,FIX FAILED
3814558,FIX_SUCCEED
3814558,FIX_END
3814574,STIM_START
3814841,STIM_END
3815341,RESP_START
3817071,RESP_END
3817071,TRIAL_END 447
3817071,TRIALID 448
3817074,FIX_START
3818575,FIX FAILED
3822075,FIX_SUCCEED
3822075,FIX_END
3822092,STIM_START
3822359,STIM_END
3822859,RESP_START
3823936,RESP_END
3823936,TRIAL_END 448
3823936,TRIALID 449
3823938,FIX_START
3825442,FIX_END
3825459,STIM_START
3825709,STIM_END
3826209,RESP_START
3827120,RESP_END
3827120,TRIAL_END 449
3827120,TRIALID 450
3827123,FIX_START
3828626,FIX FAILED
3829626,FIX_SUCCEED
3829626,FIX_END
3829643,STIM_START
3829893,STIM_END
3830393,RESP_START
3831344,RESP_END
3831344,TRIAL_END 450
3831344,TRIALID 451
3831347,FIX_START
3832343,FIX_END
3832360,STIM_START
3832627,STIM_END
3833127,RESP_START
3834161,RESP_END
3834161,TRIAL_END 451
3834161,TRIALID 452
3834163,FIX_START
3835661,FIX_END
3835677,STIM_START
3835927,STIM_END
3836427,RESP_START
3837441,RESP_END
3837441,TRIAL_END 452
3837441,TRIALID 453
3837443,FIX_START
3838444,FIX_END
3838461,STIM_START
3838711,STIM_END
3839211,RESP_START
3841825,RESP_END
3841825,TRIAL_END 453
3841825,TRIALID 454
3841827,FIX_START
3843328,FIX_END
3843345,STIM_START
3843611,STIM_END
3844111,RESP_START
3845089,RESP_END
3845089,TRIAL_END 454
3845089,TRIALID 455
3845092,FIX_START
3846595,FIX FAILED
3847095,FIX_SUCCEED
3847095,FIX_END
3847111,STIM_START
3847379,STIM_END
3847879,RESP_START
3848913,RESP_END
3848913,TRIAL_END 455
3848913,TRIALID 456
3848916,FIX_START
3850412,FIX FAILED
3850912,FIX_SUCCEED
3850912,FIX_END
3850929,STIM_START
3851179,STIM_END
3851679,RESP_START
3852465,RESP_END
3852465,TRIAL_END 456
3852465,TRIALID 457
3852468,FIX_START
3853963,FIX FAILED
3854463,FIX_SUCCEED
3854463,FIX_END
3854479,STIM_START
3854730,STIM_END
3855230,RESP_START
3856338,RESP_END
3856338,TRIAL_END 457
3856338,TRIALID 458
3856340,FIX_START
3857830,FIX FAILED
3859830,FIX_SUCCEED
3859830,FIX_END
3859847,STIM_START
3860097,STIM_END
3860597,RESP_START
3861570,RESP_END
3861570,TRIAL_END 458
3861570,TRIALID 459
3861573,FIX_START
3863064,FIX_END
3863080,STIM_START
3863331,STIM_END
3863831,RESP_START
3864754,RESP_END
3864754,TRIAL_END 459
3864754,TRIALID 460
3864757,FIX_START
3866248,FIX_END
3866264,STIM_START
3866514,STIM_END
3867014,RESP_START
3868067,RESP_END
3868067,TRIAL_END 460
3868067,TRIALID 461
3868069,FIX_START
3869565,FIX_END
3869581,STIM_START
3869831,STIM_END
3870331,RESP_START
3871459,RESP_END
3871459,TRIAL_END 461
3871459,TRIALID 462
3871461,FIX_START
3872965,FIX_END
3872982,STIM_START
3873248,STIM_END
3873749,RESP_START
3875155,RESP_END
3875155,TRIAL_END 462
3875155,TRIALID 463
3875157,FIX_START
3876649,FIX_END
3876665,STIM_START
3876916,STIM_END
3877415,RESP_START
3878675,RESP_END
3878675,TRIAL_END 463
3878675,TRIALID 464
3878678,FIX_START
3880166,FIX FAILED
3882666,FIX_SUCCEED
3882667,FIX_END
3882683,STIM_START
3882950,STIM_END
3883450,RESP_START
3884516,RESP_END
3884516,TRIAL_END 464
3884516,TRIALID 465
3884518,FIX_START
3886017,FIX FAILED
3887517,FIX_SUCCEED
3887517,FIX_END
3887534,STIM_START
3887800,STIM_END
3888300,RESP_START
3889156,RESP_END
3889156,TRIAL_END 465
3889156,TRIALID 466
3889158,FIX_START
3890151,FIX_END
3890167,STIM_START
3890417,STIM_END
3890917,RESP_START
3891828,RESP_END
3891828,TRIAL_END 466
3891828,TRIALID 467
3891830,FIX_START
3893335,FIX FAILED
3893834,FIX_SUCCEED
3893834,FIX_END
3893851,STIM_START
3894101,STIM_END
3894601,RESP_START
3895556,RESP_END
3895556,TRIAL_END 467
3895556,TRIALID 468
3895559,FIX_START
3897052,FIX_END
3897068,STIM_START
3897335,STIM_END
3897835,RESP_START
3898836,RESP_END
3898836,TRIAL_END 468
3898836,TRIALID 469
3898839,FIX_START
3899335,FIX_END
3899351,STIM_START
3899618,STIM_END
3900118,RESP_START
3900853,RESP_END
3900853,TRIAL_END 469
3900853,TRIALID 470
3900855,FIX_START
3902352,FIX FAILED
3902852,FIX_SUCCEED
3902852,FIX_END
3902869,STIM_START
3903119,STIM_END
3903619,RESP_START
3904725,RESP_END
3904725,TRIAL_END 470
3904725,TRIALID 471
3904727,FIX_START
3906219,FIX_END
3906236,STIM_START
3906503,STIM_END
3907003,RESP_START
3907941,RESP_END
3907941,TRIAL_END 471
3907941,TRIALID 472
3907943,FIX_START
3908937,FIX_END
3908953,STIM_START
3909220,STIM_END
3909719,RESP_START
3910613,RESP_END
3910613,TRIAL_END 472
3910613,TRIALID 473
3910615,FIX_START
3912120,FIX FAILED
3912620,FIX_SUCCEED
3912620,FIX_END
3912637,STIM_START
3912887,STIM_END
3913387,RESP_START
3914309,RESP_END
3914309,TRIAL_END 473
3914309,TRIALID 474
3914312,FIX_START
3915804,FIX_END
3915820,STIM_START
3916070,STIM_END
3916570,RESP_START
3917430,RESP_END
3917430,TRIAL_END 474
3917430,TRIALID 475
3917432,FIX_START
3918421,FIX_END
3918437,STIM_START
3918687,STIM_END
3919188,RESP_START
3919958,RESP_END
3919958,TRIAL_END 475
3919958,TRIALID 476
3919960,FIX_START
3921454,FIX_END
3921471,STIM_START
3921738,STIM_END
3922238,RESP_START
3922982,RESP_END
3922982,TRIAL_END 476
3922982,TRIALID 477
3922984,FIX_START
3924488,FIX FAILED
3925988,FIX_SUCCEED
3925988,FIX_END
3926005,STIM_START
3926255,STIM_END
3926755,RESP_START
3927558,RESP_END
3927558,TRIAL_END 477
3927558,TRIALID 478
3927561,FIX_START
3929055,FIX_END
3929071,STIM_START
3929322,STIM_END
3929822,RESP_START
3930566,RESP_END
3930566,TRIAL_END 478
3930566,TRIALID 479
3930569,FIX_START
3932073,FIX_END
3932089,STIM_START
3932339,STIM_END
3932839,RESP_START
3933671,RESP_END
3933671,TRIAL_END 479
3933671,TRIALID 480
3933673,FIX_START
3935173,FIX_END
3935189,STIM_START
3935439,STIM_END
3935939,RESP_START
3936679,RESP_END
3936679,TRIAL_END 480
3987057,TRIALID 1
3987059,FIX_START
3987563,FIX_END
3987580,STIM_START
3987830,STIM_END
3988330,RESP_START
3995995,RESP_END
3995995,TRIAL_END 1
3995995,TRIALID 2
3995998,FIX_START
3997497,FIX FAILED
3997997,FIX_SUCCEED
3997998,FIX_END
3998014,STIM_START
3998281,STIM_END
3998781,RESP_START
4004284,RESP_END
4004284,TRIAL_END 2
4004284,TRIALID 3
4004287,FIX_START
4005281,FIX_END
4005298,STIM_START
4005548,STIM_END
4006048,RESP_START
4010428,RESP_END
4010428,TRIAL_END 3
4010428,TRIALID 4
4010430,FIX_START
4010932,FIX_END
4010948,STIM_START
4011199,STIM_END
4011699,RESP_START
4015805,RESP_END
4015805,TRIAL_END 4
4015805,TRIALID 5
4015808,FIX_START
4016299,FIX_END
4016316,STIM_START
4016566,STIM_END
4017067,RESP_START
4022158,RESP_END
4022158,TRIAL_END 5
4022158,TRIALID 6
4022160,FIX_START
4023150,FIX_END
4023167,STIM_START
4023434,STIM_END
4023933,RESP_START
4027469,RESP_END
4027469,TRIAL_END 6
4027469,TRIALID 7
4027471,FIX_START
4028968,FIX_END
4028984,STIM_START
4029251,STIM_END
4029751,RESP_START
4033981,RESP_END
4033981,TRIAL_END 7
4033981,TRIALID 8
4033984,FIX_START
4034985,FIX_END
4035002,STIM_START
4035269,STIM_END
4035769,RESP_START
4039166,RESP_END
4039166,TRIAL_END 8
